t;tr;ch1;ch2;ch3;ch4;sum
0;0;1;2;1;1;5
1;0;1;2;1;1;5
2;0;2;1;0;0;3
3;0;1;0;1;0;2
4;0;0;0;0;2;2
5;0;1;0;1;2;4
6;0;1;1;0;1;3
7;0;0;1;0;1;2
8;0;0;0;2;0;2
9;0;1;1;1;1;4
10;0;1;1;1;2;5
11;0;0;0;0;0;0
12;0;3;1;2;0;6
13;0;0;2;0;0;2
14;0;2;1;1;0;4
15;0;0;0;0;2;2
16;0;0;2;1;0;3
17;0;1;1;1;0;3
18;0;3;1;1;1;6
19;0;1;0;2;0;3
20;0;0;1;1;0;2
21;0;1;2;1;0;4
22;0;0;3;0;0;3
23;0;0;0;0;1;1
24;0;0;1;0;1;2
25;0;1;0;1;1;3
26;0;1;1;0;2;4
27;0;1;0;1;1;3
28;0;2;0;1;1;4
29;0;1;1;2;1;5
30;0;0;4;0;1;5
31;0;0;1;2;3;6
32;0;1;0;2;0;3
33;0;0;1;2;0;3
34;0;1;0;0;2;3
35;0;1;3;2;2;8
36;0;0;2;0;2;4
37;0;0;1;1;1;3
38;0;0;0;0;0;0
39;0;0;0;1;0;1
40;0;1;1;0;0;2
41;0;0;1;0;0;1
42;0;0;1;1;2;4
43;0;0;1;1;1;3
44;0;0;2;3;0;5
45;0;0;0;1;1;2
46;0;1;0;2;2;5
47;0;0;2;1;1;4
48;0;1;3;3;2;9
49;0;0;0;1;1;2
50;0;0;1;1;1;3
51;0;1;2;0;1;4
52;0;1;4;3;1;9
53;0;3;1;0;1;5
54;0;2;0;1;0;3
55;2;3;3;2;3;11
56;2;0;0;0;0;0
57;2;0;0;0;0;0
58;2;0;0;0;2;2
59;2;2;0;0;1;3
60;2;3;2;1;2;8
61;2;1;1;0;0;2
62;2;1;1;0;0;2
63;2;0;2;2;4;8
64;2;0;0;0;0;0
65;2;2;2;0;1;5
66;2;1;0;0;1;2
67;2;0;0;0;1;1
68;2;0;0;0;1;1
69;2;2;0;0;0;2
70;2;1;0;1;0;2
71;2;0;2;0;0;2
72;2;1;0;0;0;1
73;2;3;0;0;0;3
74;2;0;1;1;4;6
75;2;2;0;1;1;4
76;2;0;1;0;1;2
77;2;0;1;1;1;3
78;2;0;1;0;2;3
79;2;2;1;2;1;6
80;2;0;0;0;0;0
81;2;1;2;0;1;4
82;2;2;0;2;0;4
83;2;0;0;0;2;2
84;2;1;0;0;0;1
85;2;1;1;1;1;4
86;2;1;0;1;0;2
87;2;0;1;1;1;3
88;2;0;2;1;0;3
89;2;0;0;0;0;0
90;2;1;0;1;0;2
91;2;0;1;3;3;7
92;2;2;1;2;3;8
93;2;1;0;1;0;2
94;2;1;2;0;0;3
95;2;0;4;2;2;8
96;2;2;4;3;1;10
97;2;1;2;1;1;5
98;2;1;0;2;2;5
99;2;0;2;0;1;3
100;2;1;0;1;2;4
101;2;3;0;0;0;3
102;2;2;0;1;1;4
103;2;0;3;1;0;4
104;2;1;3;0;0;4
105;2;2;0;0;0;2
106;2;0;0;2;2;4
107;2;0;0;0;0;0
108;2;0;1;1;1;3
109;2;0;1;1;1;3
110;2;2;1;3;2;8
111;2;1;2;0;0;3
112;2;2;0;1;0;3
113;2;2;0;0;0;2
114;2;1;2;0;0;3
115;2;1;1;1;1;4
116;2;0;0;0;0;0
117;2;0;0;0;1;1
118;2;1;0;0;1;2
119;2;0;0;2;1;3
120;2;0;0;0;2;2
121;2;0;2;0;0;2
122;2;0;2;2;2;6
123;2;0;0;0;0;0
124;2;1;0;0;1;2
125;2;1;0;0;1;2
126;2;0;1;1;3;5
127;2;2;0;0;0;2
128;2;2;0;0;0;2
129;2;1;1;3;1;6
130;2;1;1;1;2;5
131;2;0;1;0;0;1
132;2;0;0;0;0;0
133;2;0;4;2;2;8
134;2;2;2;2;1;7
135;2;1;1;1;0;3
136;2;2;1;0;0;3
137;2;1;2;2;2;7
138;2;1;1;2;2;6
139;2;0;0;1;0;1
140;2;0;1;1;1;3
141;2;0;0;0;5;5
142;2;0;1;0;1;2
143;2;0;1;1;3;5
144;2;0;0;0;1;1
145;2;2;0;0;1;3
146;2;2;1;3;2;8
147;2;2;1;1;1;5
148;2;1;1;0;2;4
149;2;1;0;1;0;2
150;2;2;1;1;2;6
151;2;0;1;0;2;3
152;2;0;1;0;0;1
153;2;2;3;3;3;11
154;2;0;0;0;0;0
155;2;0;1;1;0;2
156;2;0;1;1;3;5
157;2;2;1;0;0;3
158;2;0;1;1;2;4
159;2;2;2;0;0;4
160;2;2;0;0;3;5
161;2;0;2;1;1;4
162;2;0;1;0;0;1
163;2;0;0;1;2;3
164;2;0;0;0;1;1
165;2;2;0;0;0;2
166;2;0;1;0;0;1
167;2;2;0;1;1;4
168;2;0;1;0;0;1
169;2;0;0;2;1;3
170;2;0;0;1;0;1
171;2;0;0;1;1;2
172;2;1;0;0;0;1
173;2;0;0;1;0;1
174;2;2;0;0;0;2
175;2;2;0;1;0;3
176;2;1;3;1;0;5
177;2;1;1;0;1;3
178;2;0;2;2;1;5
179;2;0;2;1;0;3
180;2;0;0;0;2;2
181;2;1;0;0;1;2
182;2;1;2;0;1;4
183;2;2;1;1;2;6
184;2;0;2;2;2;6
185;2;0;0;1;1;2
186;2;1;0;0;1;2
187;2;1;1;0;2;4
188;2;2;1;0;1;4
189;2;2;1;0;1;4
190;2;1;1;2;1;5
191;2;1;1;1;0;3
192;2;2;1;2;2;7
193;2;2;1;2;1;6
194;2;0;1;1;0;2
195;2;0;2;0;0;2
196;2;1;2;1;2;6
197;2;1;2;0;0;3
198;2;0;1;1;1;3
199;2;1;2;0;0;3
200;2;1;0;0;2;3
201;2;1;2;2;2;7
202;2;1;1;2;3;7
203;2;1;0;1;0;2
204;2;4;2;0;2;8
205;2;0;0;1;1;2
206;2;1;0;1;0;2
207;2;2;3;2;4;11
208;2;3;0;0;2;5
209;2;1;2;0;1;4
210;2;0;0;1;0;1
211;2;0;0;1;0;1
212;2;2;1;1;1;5
213;2;0;3;1;1;5
214;2;0;1;0;2;3
215;2;0;1;2;0;3
216;2;2;0;0;0;2
217;2;1;2;0;0;3
218;2;1;3;2;3;9
219;2;0;1;3;2;6
220;2;0;1;0;0;1
221;2;0;1;0;1;2
222;2;0;0;0;1;1
223;2;2;0;1;0;3
224;2;0;0;0;0;0
225;2;1;0;0;0;1
226;2;0;0;0;0;0
227;2;0;0;0;0;0
228;2;0;1;1;1;3
229;6;9;12;14;7;42
230;6;8;14;5;5;32
231;6;12;7;5;7;31
232;6;5;14;7;14;40
233;6;7;4;8;7;26
234;6;10;5;3;10;28
235;6;4;2;2;7;15
236;6;5;4;6;6;21
237;6;4;9;4;2;19
238;6;5;4;5;2;16
239;6;8;3;3;5;19
240;6;6;6;6;6;24
241;6;1;4;6;2;13
242;6;3;5;1;5;14
243;6;3;3;2;8;16
244;6;5;4;1;6;16
245;6;4;5;4;5;18
246;6;4;5;6;6;21
247;6;2;2;7;3;14
248;6;3;3;3;4;13
249;6;3;5;2;6;16
250;6;3;5;2;4;14
251;6;2;4;6;2;14
252;6;5;4;4;4;17
253;6;3;6;5;2;16
254;6;2;5;2;4;13
255;6;4;2;1;3;10
256;6;3;0;1;2;6
257;6;3;3;6;3;15
258;6;2;3;4;5;14
259;6;3;1;2;3;9
260;6;2;1;2;1;6
261;6;3;2;5;3;13
262;6;2;3;4;3;12
263;6;3;0;2;0;5
264;6;1;2;3;5;11
265;6;4;1;3;6;14
266;6;1;4;1;1;7
267;6;2;3;1;2;8
268;6;0;3;1;2;6
269;6;1;3;3;4;11
270;6;1;0;2;2;5
271;6;1;4;3;3;11
272;6;1;3;2;2;8
273;6;0;1;1;2;4
274;6;3;3;1;4;11
275;6;1;1;0;2;4
276;6;2;0;2;2;6
277;6;1;2;0;2;5
278;6;0;2;3;1;6
279;6;0;0;1;1;2
280;6;0;1;0;1;2
281;6;2;0;1;1;4
282;6;1;0;0;2;3
283;6;2;2;1;3;8
284;6;3;0;1;1;5
285;6;0;0;1;1;2
286;6;1;3;2;1;7
287;6;0;4;4;2;10
288;6;1;1;0;3;5
289;6;0;1;1;2;4
290;6;1;1;2;1;5
291;6;2;1;0;3;6
292;6;0;2;3;1;6
293;6;1;0;0;0;1
294;6;2;0;0;1;3
295;6;3;2;0;1;6
296;6;0;2;1;1;4
297;6;1;1;1;1;4
298;6;0;1;0;1;2
299;6;2;0;0;0;2
300;6;0;1;1;1;3
301;6;1;0;2;0;3
302;6;1;0;0;1;2
303;6;1;0;1;0;2
304;6;0;1;0;6;7
305;6;2;0;1;1;4
306;6;1;0;2;0;3
307;6;0;1;0;0;1
308;6;0;1;2;0;3
309;6;0;2;1;2;5
310;6;0;0;1;1;2
311;6;1;1;0;0;2
312;6;0;0;0;2;2
313;6;1;2;0;1;4
314;6;0;0;1;0;1
315;6;0;1;0;2;3
316;6;0;2;0;0;2
317;6;1;0;0;0;1
318;6;3;3;1;5;12
319;6;0;1;0;2;3
320;6;2;0;0;0;2
321;6;0;3;1;1;5
322;6;2;0;0;0;2
323;6;1;1;0;1;3
324;6;0;0;1;0;1
325;6;1;2;1;1;5
326;6;1;2;0;1;4
327;6;0;0;0;0;0
328;6;2;0;2;1;5
329;6;1;0;0;0;1
330;6;0;1;1;0;2
331;6;1;2;1;1;5
332;6;0;1;0;0;1
333;6;1;0;2;0;3
334;6;0;2;2;0;4
335;6;1;1;1;2;5
336;6;2;0;0;1;3
337;6;0;0;0;0;0
338;6;0;1;2;1;4
339;6;1;0;0;2;3
340;6;0;2;2;1;5
341;6;0;0;0;3;3
342;6;2;0;1;0;3
343;6;1;1;2;3;7
344;6;0;0;1;0;1
345;6;0;0;0;0;0
346;6;1;0;1;1;3
347;6;2;1;0;0;3
348;6;0;2;0;0;2
349;6;1;0;0;1;2
350;6;1;1;0;1;3
351;6;0;0;3;0;3
352;6;0;0;2;0;2
353;6;0;1;0;0;1
354;6;1;1;2;1;5
355;6;0;1;0;1;2
356;6;0;1;1;1;3
357;6;2;3;1;1;7
358;6;1;3;1;1;6
359;6;0;0;0;1;1
360;6;1;0;0;0;1
361;6;0;1;1;0;2
362;6;0;0;0;0;0
363;6;0;0;1;1;2
364;6;1;1;0;1;3
365;6;1;1;1;1;4
366;6;2;1;0;1;4
367;6;1;0;0;0;1
368;6;1;3;0;0;4
369;6;4;1;0;1;6
370;6;1;0;1;0;2
371;6;3;1;0;1;5
372;6;0;1;0;1;2
373;6;2;2;2;1;7
374;6;1;4;3;1;9
375;6;0;0;0;1;1
376;6;3;0;2;0;5
377;6;0;1;0;0;1
378;6;0;0;1;2;3
379;6;5;1;1;2;9
380;6;0;1;1;2;4
381;6;1;1;1;1;4
382;6;2;0;1;0;3
383;6;2;0;1;1;4
384;6;0;0;1;3;4
385;6;2;4;1;1;8
386;6;1;1;1;2;5
387;6;0;0;0;0;0
388;6;0;1;1;3;5
389;6;0;2;1;1;4
390;6;0;0;1;2;3
391;6;3;0;1;3;7
392;6;0;0;1;0;1
393;6;0;1;2;1;4
394;6;0;1;1;0;2
395;6;1;1;2;0;4
396;6;1;0;1;0;2
397;6;1;1;1;1;4
398;6;0;0;1;1;2
399;6;0;0;1;0;1
400;6;1;1;4;1;7
401;6;1;0;2;1;4
402;6;2;0;0;1;3
403;6;0;1;1;1;3
404;6;0;1;1;0;2
405;6;1;2;3;1;7
406;6;0;0;1;0;1
407;6;0;0;0;0;0
408;6;1;0;0;0;1
409;6;1;1;1;0;3
410;6;1;1;1;2;5
411;10;16;16;20;16;68
412;10;25;36;29;23;113
413;10;19;32;23;20;94
414;10;31;25;30;25;111
415;10;23;36;30;28;117
416;10;14;22;18;22;76
417;10;20;31;17;20;88
418;10;18;27;23;24;92
419;10;15;27;18;23;83
420;10;17;22;23;22;84
421;10;16;23;17;15;71
422;10;11;19;22;15;67
423;10;13;19;12;18;62
424;10;9;16;19;15;59
425;10;16;14;11;16;57
426;10;14;19;7;17;57
427;10;18;15;11;18;62
428;10;19;11;8;11;49
429;10;7;17;11;5;40
430;10;7;18;12;12;49
431;10;10;9;14;16;49
432;10;7;9;11;14;41
433;10;5;20;11;15;51
434;10;10;8;12;11;41
435;10;11;11;15;18;55
436;10;7;9;12;10;38
437;10;9;10;11;9;39
438;10;8;15;4;8;35
439;10;8;8;10;13;39
440;10;11;5;4;12;32
441;10;3;8;2;8;21
442;10;5;3;3;7;18
443;10;3;10;6;8;27
444;10;5;5;4;5;19
445;10;8;10;6;6;30
446;10;4;10;2;3;19
447;10;0;5;6;8;19
448;10;3;7;6;7;23
449;10;11;9;7;8;35
450;10;5;6;2;4;17
451;10;3;3;4;7;17
452;10;1;4;4;4;13
453;10;7;4;2;3;16
454;10;4;5;2;3;14
455;10;3;5;6;4;18
456;10;6;7;7;5;25
457;10;3;5;5;4;17
458;10;4;4;2;3;13
459;10;2;8;6;6;22
460;10;4;2;3;4;13
461;10;3;8;2;4;17
462;10;4;7;1;1;13
463;10;4;1;5;3;13
464;10;2;3;2;5;12
465;10;2;3;4;4;13
466;10;0;3;2;2;7
467;10;3;3;0;2;8
468;10;1;2;2;4;9
469;10;2;2;1;2;7
470;10;2;4;1;3;10
471;10;3;2;0;1;6
472;10;3;1;2;4;10
473;10;6;4;1;5;16
474;10;3;3;4;3;13
475;10;0;2;2;4;8
476;10;2;5;5;2;14
477;10;2;3;2;3;10
478;10;2;4;3;3;12
479;10;1;0;0;3;4
480;10;1;3;1;7;12
481;10;2;1;1;1;5
482;10;0;2;3;1;6
483;10;1;2;0;1;4
484;10;2;2;1;4;9
485;10;3;2;3;1;9
486;10;0;0;3;1;4
487;10;1;2;0;1;4
488;10;1;2;1;3;7
489;10;1;3;4;2;10
490;10;1;2;1;4;8
491;10;2;2;0;0;4
492;10;2;2;3;2;9
493;10;0;2;1;2;5
494;10;2;3;1;2;8
495;10;1;1;0;0;2
496;10;0;6;3;2;11
497;10;0;3;3;2;8
498;10;0;0;2;0;2
499;10;1;0;3;3;7
500;10;1;0;0;2;3
501;10;0;3;1;1;5
502;10;2;3;2;2;9
503;10;0;1;2;0;3
504;10;1;0;0;2;3
505;10;0;0;1;1;2
506;10;1;2;0;5;8
507;10;0;0;0;1;1
508;10;1;0;1;1;3
509;10;2;2;1;3;8
510;10;3;0;0;3;6
511;10;2;0;0;0;2
512;10;1;2;0;1;4
513;10;0;1;0;1;2
514;10;1;0;0;0;1
515;10;1;3;1;2;7
516;10;1;4;0;0;5
517;10;2;3;0;2;7
518;10;0;1;0;0;1
519;10;0;3;2;1;6
520;10;3;1;0;1;5
521;10;1;2;0;2;5
522;10;1;0;0;2;3
523;10;1;3;0;1;5
524;10;0;1;1;3;5
525;10;2;1;2;1;6
526;10;2;1;1;0;4
527;10;0;0;0;0;0
528;10;1;1;0;1;3
529;10;0;1;0;1;2
530;10;0;0;0;1;1
531;10;0;0;0;1;1
532;10;1;1;2;2;6
533;10;2;1;2;0;5
534;10;1;3;1;3;8
535;10;0;0;0;0;0
536;10;2;0;0;1;3
537;10;1;0;3;1;5
538;10;1;1;1;2;5
539;10;1;1;0;0;2
540;10;0;2;0;1;3
541;10;2;1;1;0;4
542;10;1;1;1;1;4
543;10;0;1;0;1;2
544;10;0;1;2;1;4
545;10;0;1;0;2;3
546;10;1;2;3;2;8
547;10;0;2;1;0;3
548;10;2;1;0;0;3
549;10;2;3;1;2;8
550;10;0;1;1;1;3
551;10;1;1;2;0;4
552;10;1;0;0;0;1
553;10;0;1;0;0;1
554;10;1;1;0;1;3
555;10;0;0;0;1;1
556;10;0;0;1;1;2
557;10;3;3;2;4;12
558;10;1;0;1;1;3
559;10;1;2;2;3;8
560;10;2;3;2;1;8
561;10;1;1;2;2;6
562;10;0;2;0;0;2
563;10;1;1;0;2;4
564;10;2;2;3;0;7
565;10;0;2;2;1;5
566;10;2;1;0;0;3
567;10;1;1;1;2;5
568;10;2;3;0;0;5
569;10;2;1;1;2;6
570;10;2;0;0;0;2
571;10;1;1;1;2;5
572;10;0;1;5;2;8
573;10;1;1;0;2;4
574;10;1;2;0;0;3
575;10;0;0;0;0;0
576;10;2;1;2;1;6
577;10;1;0;2;0;3
578;10;0;0;2;0;2
579;10;1;1;1;0;3
580;10;0;0;0;0;0
581;10;0;0;0;0;0
582;10;1;1;0;3;5
583;10;1;1;1;1;4
584;10;2;2;3;1;8
585;10;0;2;2;0;4
586;10;0;1;2;1;4
587;10;1;2;1;1;5
588;10;0;0;0;0;0
589;10;2;1;1;0;4
590;10;1;3;0;1;5
591;10;2;1;0;0;3
592;10;0;1;0;0;1
593;10;1;0;0;0;1
594;10;1;0;0;1;2
595;10;1;1;1;0;3
596;10;1;0;0;2;3
597;10;0;0;0;2;2
598;10;2;2;1;1;6
599;10;2;4;2;2;10
600;10;2;0;1;0;3
601;10;1;1;0;0;2
602;10;1;0;0;0;1
603;10;1;1;1;2;5
604;10;0;1;0;0;1
605;10;2;0;2;0;4
606;10;3;2;2;2;9
607;10;0;2;1;0;3
608;10;5;2;1;0;8
609;10;1;2;1;2;6
610;10;0;2;0;1;3
611;10;1;2;0;1;4
612;10;0;3;1;1;5
613;10;2;1;1;0;4
614;10;2;1;1;0;4
615;10;2;3;2;3;10
616;14;16;18;12;20;66
617;14;16;24;13;11;64
618;14;14;19;24;16;73
619;14;14;8;16;14;52
620;14;13;10;10;15;48
621;14;10;11;6;11;38
622;14;8;9;10;14;41
623;14;7;15;10;10;42
624;14;7;12;12;11;42
625;14;11;11;9;15;46
626;14;7;11;9;6;33
627;14;11;8;9;6;34
628;14;3;15;7;14;39
629;14;5;7;7;4;23
630;14;0;15;10;8;33
631;14;4;6;5;5;20
632;14;3;15;6;10;34
633;14;4;10;13;12;39
634;14;8;3;8;10;29
635;14;8;4;5;5;22
636;14;3;6;6;7;22
637;14;7;9;9;9;34
638;14;8;5;12;5;30
639;14;1;5;6;4;16
640;14;7;4;7;5;23
641;14;5;6;1;7;19
642;14;5;2;2;4;13
643;14;7;4;4;2;17
644;14;7;2;3;2;14
645;14;5;7;4;2;18
646;14;2;4;4;4;14
647;14;5;4;3;3;15
648;14;0;6;2;8;16
649;14;5;4;4;10;23
650;14;4;3;5;4;16
651;14;2;6;2;4;14
652;14;1;3;3;3;10
653;14;1;8;3;5;17
654;14;1;4;3;2;10
655;14;2;5;3;5;15
656;14;2;6;1;6;15
657;14;1;3;1;3;8
658;14;1;1;4;4;10
659;14;5;1;3;2;11
660;14;5;4;3;3;15
661;14;2;7;1;2;12
662;14;2;5;4;3;14
663;14;3;2;3;1;9
664;14;2;1;1;2;6
665;14;4;2;1;1;8
666;14;1;2;6;4;13
667;14;2;4;1;2;9
668;14;1;2;1;3;7
669;14;0;2;1;2;5
670;14;0;3;1;1;5
671;14;0;1;2;0;3
672;14;0;1;0;0;1
673;14;1;3;1;2;7
674;14;1;0;1;1;3
675;14;1;1;1;2;5
676;14;3;2;0;0;5
677;14;0;5;5;4;14
678;14;0;2;1;2;5
679;14;2;4;7;5;18
680;14;1;1;1;0;3
681;14;1;1;1;0;3
682;14;0;2;4;3;9
683;14;1;1;0;1;3
684;14;5;3;2;2;12
685;14;1;1;0;2;4
686;14;1;3;2;0;6
687;14;0;1;3;0;4
688;14;1;1;1;1;4
689;14;1;0;3;0;4
690;14;0;2;3;2;7
691;14;0;1;3;3;7
692;14;1;1;0;1;3
693;14;0;2;2;3;7
694;14;2;2;3;2;9
695;14;1;1;0;0;2
696;14;1;4;2;1;8
697;14;2;3;1;1;7
698;14;0;1;0;2;3
699;14;2;3;1;0;6
700;14;1;1;0;1;3
701;14;0;1;2;1;4
702;14;0;1;1;3;5
703;14;2;3;6;2;13
704;14;1;4;0;3;8
705;14;2;2;1;1;6
706;14;3;1;2;4;10
707;14;1;1;1;1;4
708;14;1;3;0;0;4
709;14;0;5;0;3;8
710;14;1;0;1;0;2
711;14;1;1;4;3;9
712;14;0;2;1;1;4
713;14;1;0;1;2;4
714;14;1;2;2;1;6
715;14;1;3;1;0;5
716;14;1;2;2;1;6
717;14;0;1;1;2;4
718;14;0;3;3;4;10
719;14;1;2;0;0;3
720;14;1;1;3;3;8
721;14;1;1;2;3;7
722;14;0;5;2;4;11
723;14;2;1;1;1;5
724;14;2;1;2;1;6
725;14;2;3;1;1;7
726;14;1;4;1;0;6
727;14;1;1;1;0;3
728;14;0;1;0;1;2
729;14;1;1;1;0;3
730;14;1;1;2;1;5
731;14;3;1;0;0;4
732;14;1;1;1;2;5
733;14;2;1;0;0;3
734;14;0;2;1;2;5
735;14;2;3;3;1;9
736;14;3;0;0;0;3
737;14;0;1;0;0;1
738;14;0;1;0;0;1
739;14;0;1;1;3;5
740;14;1;0;2;1;4
741;14;1;2;0;0;3
742;14;1;0;1;1;3
743;14;1;1;1;0;3
744;14;2;3;1;0;6
745;14;1;1;1;0;3
746;14;1;1;0;0;2
747;14;1;2;0;1;4
748;14;1;0;0;1;2
749;14;0;1;0;3;4
750;14;1;1;0;1;3
751;14;1;2;1;1;5
752;14;1;1;0;0;2
753;14;1;0;0;0;1
754;14;0;0;0;1;1
755;14;0;1;0;1;2
756;14;0;0;2;2;4
757;14;2;1;0;1;4
758;14;0;1;1;0;2
759;14;3;1;1;2;7
760;14;1;1;2;2;6
761;14;1;0;5;1;7
762;14;4;2;3;1;10
763;14;1;1;0;0;2
764;14;0;2;2;0;4
765;14;0;1;3;3;7
766;14;2;0;0;1;3
767;14;2;1;0;1;4
768;14;0;1;0;2;3
769;14;1;0;0;0;1
770;14;2;3;3;1;9
771;14;0;0;0;0;0
772;14;1;1;1;1;4
773;14;3;0;1;0;4
774;14;2;2;0;1;5
775;14;1;2;0;3;6
776;14;1;0;0;1;2
777;14;0;2;1;3;6
778;14;1;1;0;2;4
779;14;2;3;1;1;7
780;14;3;2;2;4;11
781;14;0;1;1;2;4
782;14;1;0;0;2;3
783;14;1;1;1;0;3
784;14;0;0;1;2;3
785;14;1;0;0;5;6
786;14;1;1;2;0;4
787;14;1;2;2;1;6
788;14;0;1;1;1;3
789;14;0;2;2;0;4
790;14;0;2;1;1;4
791;14;0;1;1;0;2
792;14;1;2;2;6;11
793;14;1;0;0;0;1
794;14;2;0;0;1;3
795;14;1;3;2;3;9
796;14;3;2;1;2;8
797;14;0;1;0;1;2
798;14;0;0;0;1;1
799;14;0;3;0;1;4
800;14;0;2;0;0;2
801;14;0;2;0;2;4
802;14;1;1;0;0;2
803;14;0;1;0;1;2
804;14;1;2;1;3;7
805;14;1;2;3;4;10
806;14;1;0;1;0;2
807;14;0;1;1;2;4
808;14;0;2;0;1;3
809;14;1;0;1;1;3
810;14;2;0;0;1;3
811;14;0;1;2;1;4
812;14;1;1;0;1;3
813;14;0;0;1;0;1
814;14;0;2;1;1;4
815;14;2;2;3;2;9
816;14;1;1;0;0;2
817;18;13;15;15;9;52
818;18;15;16;19;17;67
819;18;10;16;15;9;50
820;18;8;13;8;13;42
821;18;12;17;12;18;59
822;18;9;10;11;15;45
823;18;12;11;10;14;47
824;18;12;7;11;9;39
825;18;6;16;12;9;43
826;18;7;9;9;15;40
827;18;6;6;6;11;29
828;18;6;11;12;11;40
829;18;10;7;11;3;31
830;18;2;9;7;8;26
831;18;5;10;7;8;30
832;18;4;11;6;10;31
833;18;4;11;7;6;28
834;18;5;6;6;8;25
835;18;6;6;4;5;21
836;18;1;4;5;6;16
837;18;7;7;8;6;28
838;18;2;9;1;12;24
839;18;4;9;3;4;20
840;18;2;6;5;7;20
841;18;0;5;8;7;20
842;18;3;3;9;5;20
843;18;4;5;7;3;19
844;18;6;6;2;6;20
845;18;6;3;4;5;18
846;18;0;8;2;3;13
847;18;3;4;2;3;12
848;18;2;3;4;2;11
849;18;3;5;2;6;16
850;18;3;7;5;3;18
851;18;1;3;5;2;11
852;18;1;8;2;7;18
853;18;4;2;2;3;11
854;18;3;5;6;4;18
855;18;3;3;2;2;10
856;18;1;7;2;6;16
857;18;0;4;3;5;12
858;18;4;0;3;5;12
859;18;1;4;3;1;9
860;18;2;5;0;1;8
861;18;2;6;2;1;11
862;18;1;1;0;2;4
863;18;2;5;6;0;13
864;18;1;0;0;2;3
865;18;3;5;1;0;9
866;18;2;1;3;0;6
867;18;4;4;1;2;11
868;18;0;0;1;1;2
869;18;1;2;0;1;4
870;18;1;0;1;1;3
871;18;4;5;3;4;16
872;18;2;5;1;3;11
873;18;0;0;1;1;2
874;18;0;2;0;0;2
875;18;1;2;1;2;6
876;18;2;1;1;1;5
877;18;1;0;1;3;5
878;18;1;3;2;1;7
879;18;1;2;1;2;6
880;18;2;0;0;2;4
881;18;1;1;3;1;6
882;18;1;3;0;0;4
883;18;2;1;0;4;7
884;18;2;4;2;2;10
885;18;2;3;2;1;8
886;18;0;1;1;1;3
887;18;2;3;0;1;6
888;18;2;5;1;1;9
889;18;1;2;1;0;4
890;18;1;3;0;4;8
891;18;5;0;1;0;6
892;18;2;2;2;1;7
893;18;1;1;2;3;7
894;18;2;1;0;0;3
895;18;1;3;2;2;8
896;18;1;1;0;0;2
897;18;0;1;1;4;6
898;18;0;3;1;1;5
899;18;1;1;1;1;4
900;18;2;0;0;2;4
901;18;0;2;0;1;3
902;18;1;0;0;2;3
903;18;1;1;0;0;2
904;18;1;2;2;1;6
905;18;1;0;0;1;2
906;18;1;0;0;0;1
907;18;2;1;2;2;7
908;18;1;1;0;3;5
909;18;0;0;0;1;1
910;18;0;1;0;0;1
911;18;2;3;0;0;5
912;18;0;2;2;0;4
913;18;0;0;0;2;2
914;18;0;0;0;0;0
915;18;1;0;0;1;2
916;18;1;1;1;0;3
917;18;2;1;0;3;6
918;18;2;2;1;0;5
919;18;0;0;0;2;2
920;18;1;0;0;3;4
921;18;0;4;2;3;9
922;18;1;2;1;3;7
923;18;0;3;0;1;4
924;18;0;4;2;2;8
925;18;1;0;2;2;5
926;18;1;4;2;1;8
927;18;0;0;0;3;3
928;18;1;2;1;2;6
929;18;0;3;1;0;4
930;18;2;0;0;0;2
931;18;2;0;0;2;4
932;18;1;1;0;1;3
933;18;1;1;2;2;6
934;18;2;2;2;2;8
935;18;0;1;1;1;3
936;18;2;2;0;1;5
937;18;1;0;0;0;1
938;18;2;1;2;1;6
939;18;1;1;2;3;7
940;18;0;1;3;1;5
941;18;0;4;3;3;10
942;18;0;0;1;0;1
943;18;1;0;1;0;2
944;18;2;3;1;1;7
945;18;1;3;1;3;8
946;18;1;3;3;3;10
947;18;2;1;0;1;4
948;18;0;0;1;3;4
949;18;0;2;3;4;9
950;18;0;1;1;1;3
951;18;1;0;0;2;3
952;18;1;2;2;3;8
953;18;0;1;0;1;2
954;18;1;2;3;0;6
955;18;2;1;0;0;3
956;18;1;1;0;0;2
957;18;2;1;1;0;4
958;18;0;2;2;1;5
959;18;1;0;0;1;2
960;18;2;4;2;4;12
961;18;1;0;1;2;4
962;18;0;2;0;1;3
963;18;2;0;0;1;3
964;18;3;1;1;2;7
965;18;1;2;1;1;5
966;18;0;4;1;1;6
967;18;0;1;2;4;7
968;18;0;0;1;0;1
969;18;1;0;1;2;4
970;18;0;0;0;0;0
971;18;0;1;1;1;3
972;18;1;2;0;0;3
973;18;1;1;2;3;7
974;18;0;0;1;1;2
975;18;1;0;0;0;1
976;18;0;0;0;1;1
977;18;0;1;0;1;2
978;18;0;0;1;3;4
979;18;0;3;2;3;8
980;18;0;0;1;0;1
981;18;1;0;0;3;4
982;18;0;1;0;1;2
983;18;3;1;1;1;6
984;18;2;3;1;2;8
985;18;0;2;0;0;2
986;18;1;0;0;2;3
987;18;1;0;1;0;2
988;18;0;1;0;0;1
989;18;2;2;1;3;8
990;18;0;1;0;0;1
991;18;3;3;1;2;9
992;18;0;1;2;0;3
993;18;2;1;0;0;3
994;22;8;5;6;6;25
995;22;3;9;18;7;37
996;22;10;13;12;11;46
997;22;5;7;9;8;29
998;22;6;8;5;10;29
999;22;10;9;3;8;30
1000;22;7;12;8;11;38
1001;22;5;3;3;8;19
1002;22;4;8;9;9;30
1003;22;8;9;10;9;36
1004;22;13;7;10;9;39
1005;22;8;11;6;5;30
1006;22;3;2;5;11;21
1007;22;3;6;6;10;25
1008;22;6;10;5;7;28
1009;22;3;6;1;3;13
1010;22;4;4;7;4;19
1011;22;5;3;4;5;17
1012;22;2;7;6;8;23
1013;22;3;5;4;10;22
1014;22;3;4;7;1;15
1015;22;3;5;6;6;20
1016;22;5;4;6;7;22
1017;22;9;8;5;6;28
1018;22;6;2;6;7;21
1019;22;2;7;8;6;23
1020;22;2;0;2;1;5
1021;22;1;5;2;6;14
1022;22;3;7;4;6;20
1023;22;2;6;1;0;9
1024;22;2;4;4;3;13
1025;22;2;5;1;0;8
1026;22;2;5;6;0;13
1027;22;4;4;2;0;10
1028;22;2;7;5;5;19
1029;22;2;2;3;2;9
1030;22;3;1;3;3;10
1031;22;1;1;1;0;3
1032;22;5;2;1;1;9
1033;22;4;1;1;3;9
1034;22;3;4;2;2;11
1035;22;0;4;2;3;9
1036;22;2;3;1;3;9
1037;22;2;4;2;3;11
1038;22;0;5;4;5;14
1039;22;2;3;0;2;7
1040;22;1;6;2;4;13
1041;22;2;1;0;1;4
1042;22;2;3;5;3;13
1043;22;0;2;2;3;7
1044;22;0;3;2;2;7
1045;22;2;1;0;1;4
1046;22;2;2;0;3;7
1047;22;1;3;2;2;8
1048;22;1;1;2;1;5
1049;22;0;0;0;1;1
1050;22;1;1;3;1;6
1051;22;0;1;2;1;4
1052;22;1;1;3;2;7
1053;22;1;2;3;1;7
1054;22;0;1;2;1;4
1055;22;2;2;1;2;7
1056;22;2;4;2;2;10
1057;22;2;1;0;0;3
1058;22;2;4;3;4;13
1059;22;0;1;0;1;2
1060;22;2;1;3;4;10
1061;22;1;0;4;2;7
1062;22;2;0;2;4;8
1063;22;2;2;5;2;11
1064;22;1;2;0;1;4
1065;22;0;1;2;0;3
1066;22;1;3;3;4;11
1067;22;0;2;2;1;5
1068;22;2;1;1;0;4
1069;22;3;2;1;1;7
1070;22;0;0;0;2;2
1071;22;3;5;1;5;14
1072;22;0;2;2;1;5
1073;22;1;0;2;1;4
1074;22;3;3;0;1;7
1075;22;2;3;0;1;6
1076;22;0;0;1;2;3
1077;22;1;2;1;1;5
1078;22;1;3;2;1;7
1079;22;1;1;0;0;2
1080;22;3;1;1;2;7
1081;22;2;1;1;1;5
1082;22;0;0;1;1;2
1083;22;1;2;0;0;3
1084;22;1;0;3;1;5
1085;22;1;3;2;3;9
1086;22;0;1;0;0;1
1087;22;1;2;1;2;6
1088;22;1;2;1;1;5
1089;22;1;1;0;0;2
1090;22;1;1;2;0;4
1091;22;1;1;0;0;2
1092;22;0;3;0;3;6
1093;22;0;3;2;1;6
1094;22;2;2;1;4;9
1095;22;2;1;1;0;4
1096;22;0;1;1;2;4
1097;22;1;0;3;2;6
1098;22;1;2;2;3;8
1099;22;1;4;1;0;6
1100;22;1;2;1;3;7
1101;22;1;2;2;3;8
1102;22;4;2;2;2;10
1103;22;3;2;0;1;6
1104;22;0;2;0;1;3
1105;22;0;0;1;1;2
1106;22;2;1;0;0;3
1107;22;1;4;2;2;9
1108;22;1;3;1;1;6
1109;22;0;1;1;0;2
1110;22;2;0;1;1;4
1111;22;0;1;0;2;3
1112;22;0;0;0;0;0
1113;22;2;0;1;0;3
1114;22;1;0;0;0;1
1115;22;0;0;0;2;2
1116;22;1;1;1;1;4
1117;22;2;3;1;0;6
1118;22;0;0;0;2;2
1119;22;2;0;0;1;3
1120;22;1;1;1;0;3
1121;22;1;1;2;0;4
1122;22;0;2;2;2;6
1123;22;2;1;2;3;8
1124;22;0;0;0;1;1
1125;22;0;0;0;1;1
1126;22;1;1;0;1;3
1127;22;0;0;0;0;0
1128;22;0;0;1;0;1
1129;22;2;2;0;0;4
1130;22;1;1;1;1;4
1131;22;0;1;1;0;2
1132;22;0;0;2;0;2
1133;22;0;0;1;1;2
1134;22;1;0;1;0;2
1135;22;0;2;1;1;4
1136;22;0;0;1;0;1
1137;22;0;2;2;2;6
1138;22;0;5;1;0;6
1139;22;1;1;2;1;5
1140;22;0;0;0;0;0
1141;22;2;1;2;2;7
1142;22;0;1;2;1;4
1143;22;0;0;5;0;5
1144;22;2;2;1;2;7
1145;22;0;1;3;1;5
1146;22;0;1;0;0;1
1147;22;1;0;0;0;1
1148;22;0;1;1;1;3
1149;22;0;0;0;1;1
1150;22;0;1;0;0;1
1151;22;0;1;2;2;5
1152;22;0;1;0;1;2
1153;22;0;0;1;1;2
1154;22;1;1;1;0;3
1155;22;0;3;1;0;4
1156;22;2;2;0;0;4
1157;22;0;2;1;0;3
1158;22;2;2;0;2;6
1159;22;1;2;1;1;5
1160;22;1;2;2;2;7
1161;22;1;1;0;3;5
1162;22;1;0;0;1;2
1163;22;0;0;0;1;1
1164;22;0;2;0;1;3
1165;22;3;2;0;0;5
1166;22;2;1;0;0;3
1167;22;0;0;1;1;2
1168;22;2;0;0;1;3
1169;22;3;1;0;1;5
1170;22;1;0;0;0;1
1171;22;0;0;1;0;1
1172;22;0;0;1;2;3
1173;22;0;1;2;4;7
1174;22;1;2;1;1;5
1175;22;1;0;0;0;1
1176;22;1;1;1;3;6
1177;22;0;1;3;0;4
1178;22;1;1;3;2;7
1179;22;0;0;1;1;2
1180;22;2;0;0;0;2
1181;22;0;0;0;1;1
1182;22;1;0;0;1;2
1183;22;2;3;0;5;10
1184;22;2;1;0;1;4
1185;22;0;1;1;0;2
1186;22;1;3;2;2;8
1187;22;1;2;0;0;3
1188;22;2;1;1;2;6
1189;22;3;0;1;0;4
1190;22;1;3;1;1;6
1191;22;1;1;0;0;2
1192;22;0;1;2;2;5
1193;22;1;1;1;1;4
1194;22;1;0;0;0;1
1195;22;0;0;3;3;6
1196;22;1;0;2;4;7
1197;22;0;4;4;3;11
1198;22;0;0;0;0;0
1199;22;4;2;0;0;6
1200;22;0;2;1;2;5
1201;22;1;0;1;2;4
1202;22;0;1;1;3;5
1203;22;0;1;1;1;3
1204;22;0;0;1;0;1
1205;22;1;1;0;0;2
1206;22;1;4;2;2;9
1207;22;2;1;1;1;5
1208;22;1;1;2;2;6
1209;22;0;0;1;1;2
1210;22;0;1;0;2;3
1211;22;0;1;1;0;2
1212;22;1;0;0;0;1
1213;22;0;2;0;0;2
1214;22;0;0;0;2;2
1215;22;1;1;2;2;6
1216;22;0;1;0;0;1
1217;22;3;1;0;1;5
1218;22;1;1;1;0;3
1219;22;1;0;1;2;4
1220;24;4;9;4;4;21
1221;24;1;3;3;2;9
1222;24;2;2;1;0;5
1223;24;0;1;0;1;2
1224;24;1;0;0;1;2
1225;24;1;3;2;1;7
1226;24;0;0;2;0;2
1227;24;1;1;1;3;6
1228;24;2;0;1;0;3
1229;24;1;2;1;2;6
1230;24;1;1;1;0;3
1231;24;4;1;1;2;8
1232;24;1;2;1;2;6
1233;24;1;0;1;0;2
1234;24;0;1;0;2;3
1235;24;2;0;0;1;3
1236;24;1;1;2;1;5
1237;24;2;2;1;1;6
1238;24;1;2;1;1;5
1239;24;1;0;0;0;1
1240;24;1;0;0;1;2
1241;24;0;1;2;0;3
1242;24;0;2;0;0;2
1243;24;0;1;1;1;3
1244;24;0;4;0;1;5
1245;24;1;3;3;2;9
1246;24;1;0;2;0;3
1247;24;4;2;3;2;11
1248;24;1;0;3;1;5
1249;24;2;2;2;3;9
1250;24;0;0;0;0;0
1251;24;0;1;1;2;4
1252;24;2;2;1;2;7
1253;24;0;1;1;3;5
1254;24;1;1;0;1;3
1255;24;0;0;0;0;0
1256;24;2;0;1;1;4
1257;24;2;0;0;0;2
1258;24;0;1;2;3;6
1259;24;0;0;0;1;1
1260;24;0;0;0;1;1
1261;24;0;1;0;2;3
1262;24;2;0;1;2;5
1263;24;1;1;1;1;4
1264;24;0;3;3;2;8
1265;24;2;1;0;2;5
1266;24;1;3;2;0;6
1267;24;1;2;0;1;4
1268;24;2;2;1;3;8
1269;24;2;3;4;3;12
1270;24;1;0;0;0;1
1271;24;0;1;0;0;1
1272;24;1;2;1;2;6
1273;24;0;0;0;0;0
1274;24;2;0;1;3;6
1275;24;0;1;2;1;4
1276;24;0;3;4;3;10
1277;24;3;0;0;0;3
1278;24;0;1;1;1;3
1279;24;2;2;1;1;6
1280;24;0;0;0;1;1
1281;24;1;2;0;0;3
1282;24;0;2;0;0;2
1283;24;1;0;0;3;4
1284;24;1;0;0;1;2
1285;24;1;0;0;0;1
1286;24;1;1;0;0;2
1287;24;0;0;1;1;2
1288;24;1;0;0;1;2
1289;24;1;0;1;0;2
1290;24;0;2;0;2;4
1291;24;2;0;0;0;2
1292;24;1;2;1;4;8
1293;24;1;0;0;2;3
1294;24;0;0;0;1;1
1295;24;0;1;3;3;7
1296;24;0;0;4;0;4
1297;24;0;1;0;2;3
1298;24;0;0;1;2;3
1299;24;0;2;2;3;7
1300;24;1;0;0;0;1
1301;24;0;0;2;1;3
1302;24;2;3;2;1;8
1303;24;0;1;0;1;2
1304;24;1;1;1;0;3
1305;24;1;0;2;2;5
1306;24;0;2;0;1;3
1307;24;3;1;2;3;9
1308;24;1;0;1;0;2
1309;24;0;1;0;1;2
1310;24;1;2;0;1;4
1311;24;1;1;0;2;4
1312;24;1;2;1;1;5
1313;24;0;0;1;0;1
1314;24;3;3;1;0;7
1315;24;0;2;0;0;2
1316;24;1;2;0;1;4
1317;24;0;2;0;1;3
1318;24;0;2;0;0;2
1319;24;0;0;0;0;0
1320;24;1;0;0;1;2
1321;24;1;1;2;1;5
1322;24;0;1;1;1;3
1323;24;0;1;1;1;3
1324;24;1;1;0;0;2
1325;24;0;1;1;0;2
1326;24;1;2;1;4;8
1327;24;2;1;1;2;6
1328;24;0;2;2;4;8
1329;24;0;1;0;0;1
1330;24;0;2;1;2;5
1331;24;0;1;0;0;1
1332;24;0;0;1;0;1
1333;24;1;1;2;3;7
1334;24;1;0;0;0;1
1335;24;0;1;2;0;3
1336;24;1;2;0;2;5
1337;24;3;2;1;1;7
1338;24;1;2;3;4;10
1339;24;2;1;0;0;3
1340;24;2;2;2;1;7
1341;24;0;2;0;1;3
1342;24;0;1;1;2;4
1343;24;1;3;1;3;8
1344;24;2;1;2;2;7
1345;24;1;0;0;0;1
1346;24;0;0;2;2;4
1347;24;3;5;0;1;9
1348;24;2;0;0;2;4
1349;24;1;0;0;2;3
1350;24;0;2;1;0;3
1351;24;0;0;0;1;1
1352;24;2;0;0;1;3
1353;24;2;2;1;2;7
1354;24;1;2;1;5;9
1355;24;0;0;0;1;1
1356;24;1;2;1;1;5
1357;24;0;1;0;0;1
1358;24;2;1;0;2;5
1359;24;0;2;1;6;9
1360;24;0;1;2;0;3
1361;24;1;0;0;1;2
1362;24;0;0;2;0;2
1363;24;1;0;0;1;2
1364;24;1;1;0;0;2
1365;24;0;2;1;2;5
1366;24;2;1;1;0;4
1367;24;0;1;0;1;2
1368;24;1;4;2;1;8
1369;24;0;1;0;2;3
1370;24;0;1;2;1;4
1371;24;0;0;2;1;3
1372;24;1;1;0;0;2
1373;24;1;0;3;0;4
1374;24;1;2;3;2;8
1375;24;1;2;1;1;5
1376;24;0;0;0;0;0
1377;24;1;1;1;1;4
1378;24;0;1;1;5;7
1379;24;2;1;0;1;4
1380;24;1;1;0;0;2
1381;24;1;2;1;1;5
1382;24;2;0;1;1;4
1383;24;2;2;0;0;4
1384;24;1;2;0;1;4
1385;24;1;0;2;1;4
1386;24;0;0;0;1;1
1387;24;0;0;1;1;2
1388;24;1;2;1;2;6
1389;24;1;1;1;1;4
1390;24;0;1;1;3;5
1391;24;1;1;0;1;3
1392;24;1;3;1;2;7
1393;24;1;0;1;0;2
1394;24;1;0;1;0;2
1395;24;1;1;1;1;4
1396;24;1;2;1;1;5
1397;24;0;0;0;0;0
1398;24;0;0;1;0;1
1399;24;2;1;1;1;5
1400;24;1;1;0;1;3
1401;24;0;3;3;2;8
1402;24;0;0;1;2;3
1403;24;0;1;0;0;1
1404;24;0;1;1;1;3
1405;24;2;1;0;2;5
1406;28;4;10;10;16;40
1407;28;8;14;9;14;45
1408;28;6;7;14;11;38
1409;28;7;7;10;10;34
1410;28;11;8;5;3;27
1411;28;7;4;9;6;26
1412;28;3;7;7;1;18
1413;28;5;5;3;6;19
1414;28;8;8;8;6;30
1415;28;9;7;4;2;22
1416;28;6;10;4;4;24
1417;28;3;4;3;7;17
1418;28;6;7;8;11;32
1419;28;7;7;6;5;25
1420;28;7;11;2;0;20
1421;28;7;9;7;2;25
1422;28;3;8;4;7;22
1423;28;2;4;2;5;13
1424;28;4;6;4;4;18
1425;28;3;4;5;1;13
1426;28;3;3;2;2;10
1427;28;1;5;6;5;17
1428;28;1;1;4;6;12
1429;28;1;2;2;3;8
1430;28;2;4;4;5;15
1431;28;4;8;1;3;16
1432;28;1;3;1;2;7
1433;28;2;4;2;2;10
1434;28;1;2;1;2;6
1435;28;1;4;6;6;17
1436;28;3;4;1;5;13
1437;28;2;4;6;1;13
1438;28;1;2;2;3;8
1439;28;2;3;4;6;15
1440;28;3;1;1;2;7
1441;28;1;3;2;4;10
1442;28;0;3;3;1;7
1443;28;8;5;4;3;20
1444;28;2;1;0;3;6
1445;28;0;1;2;1;4
1446;28;2;6;2;3;13
1447;28;1;0;1;0;2
1448;28;1;4;2;4;11
1449;28;4;2;3;5;14
1450;28;2;1;2;5;10
1451;28;2;1;1;2;6
1452;28;2;5;1;8;16
1453;28;0;4;2;3;9
1454;28;3;2;2;1;8
1455;28;1;1;0;3;5
1456;28;2;1;2;4;9
1457;28;1;0;1;3;5
1458;28;3;5;3;5;16
1459;28;1;1;3;4;9
1460;28;1;1;2;2;6
1461;28;0;1;1;1;3
1462;28;0;0;3;2;5
1463;28;2;1;3;0;6
1464;28;1;0;0;1;2
1465;28;1;2;3;2;8
1466;28;0;2;3;3;8
1467;28;0;2;2;1;5
1468;28;0;1;1;1;3
1469;28;3;0;0;1;4
1470;28;1;1;2;4;8
1471;28;1;0;3;1;5
1472;28;0;1;2;2;5
1473;28;2;1;3;0;6
1474;28;4;0;1;2;7
1475;28;0;1;1;3;5
1476;28;1;3;3;0;7
1477;28;1;1;4;4;10
1478;28;1;0;0;2;3
1479;28;0;0;1;0;1
1480;28;1;2;0;0;3
1481;28;0;1;1;4;6
1482;28;1;1;1;1;4
1483;28;2;0;0;0;2
1484;28;0;0;0;2;2
1485;28;2;1;0;1;4
1486;28;0;1;2;2;5
1487;28;1;2;2;2;7
1488;28;1;3;0;1;5
1489;28;2;2;1;2;7
1490;28;1;1;2;1;5
1491;28;1;1;0;0;2
1492;28;0;2;3;0;5
1493;28;1;2;0;3;6
1494;28;0;1;2;1;4
1495;28;2;1;1;2;6
1496;28;1;0;3;0;4
1497;28;2;0;0;2;4
1498;28;0;1;0;0;1
1499;28;0;0;0;1;1
1500;28;2;3;1;1;7
1501;28;0;1;0;4;5
1502;28;2;1;1;0;4
1503;28;3;2;4;3;12
1504;28;2;1;0;1;4
1505;28;0;3;1;4;8
1506;28;0;1;1;3;5
1507;28;1;2;2;3;8
1508;28;0;1;0;1;2
1509;28;1;1;2;2;6
1510;28;1;0;0;2;3
1511;28;1;0;2;0;3
1512;28;0;3;3;2;8
1513;28;0;0;2;1;3
1514;28;0;0;0;1;1
1515;28;2;1;1;1;5
1516;28;1;2;5;3;11
1517;28;0;1;0;3;4
1518;28;2;0;0;0;2
1519;28;2;0;4;0;6
1520;28;2;2;1;1;6
1521;28;1;1;0;1;3
1522;28;0;1;0;1;2
1523;28;1;1;1;1;4
1524;28;0;1;2;1;4
1525;28;0;3;1;0;4
1526;28;1;1;0;0;2
1527;28;2;0;2;0;4
1528;28;3;2;2;1;8
1529;28;0;1;1;0;2
1530;28;0;1;0;1;2
1531;28;0;1;0;0;1
1532;28;2;1;4;3;10
1533;28;0;1;2;0;3
1534;28;1;0;2;0;3
1535;28;0;0;0;0;0
1536;28;0;3;2;2;7
1537;28;2;2;1;4;9
1538;28;1;0;2;0;3
1539;28;2;1;1;1;5
1540;28;0;1;2;2;5
1541;28;3;1;1;3;8
1542;28;1;3;0;1;5
1543;28;2;1;3;0;6
1544;28;1;2;2;3;8
1545;28;2;1;1;0;4
1546;28;0;0;3;1;4
1547;28;1;1;1;1;4
1548;28;3;1;3;2;9
1549;28;0;1;1;1;3
1550;28;0;1;2;0;3
1551;28;3;0;0;1;4
1552;28;1;3;1;1;6
1553;28;1;0;1;1;3
1554;28;1;2;0;2;5
1555;28;0;2;2;2;6
1556;28;0;0;1;1;2
1557;28;1;1;1;1;4
1558;28;2;1;1;1;5
1559;28;2;0;2;0;4
1560;28;1;1;2;2;6
1561;28;3;1;0;0;4
1562;28;0;2;2;6;10
1563;28;2;2;3;0;7
1564;28;2;1;0;0;3
1565;28;1;1;1;0;3
1566;28;1;0;1;2;4
1567;28;1;1;1;0;3
1568;28;0;1;1;0;2
1569;28;0;0;2;1;3
1570;28;1;1;0;0;2
1571;28;1;1;0;1;3
1572;28;0;1;0;2;3
1573;28;0;0;0;0;0
1574;28;2;1;0;0;3
1575;28;0;3;2;2;7
1576;28;1;2;1;0;4
1577;28;0;0;1;0;1
1578;28;0;1;1;2;4
1579;28;1;1;1;1;4
1580;28;1;3;2;3;9
1581;28;0;1;1;1;3
1582;28;0;1;5;3;9
1583;28;1;1;2;0;4
1584;28;1;0;0;1;2
1585;28;0;2;0;1;3
1586;28;2;1;2;1;6
1587;28;1;2;1;0;4
1588;28;1;0;1;0;2
1589;28;1;1;0;0;2
1590;28;1;1;0;1;3
1591;28;0;2;0;0;2
1592;28;0;2;0;1;3
1593;28;2;1;2;1;6
1594;28;1;1;1;2;5
1595;28;0;1;2;4;7
1596;28;0;1;0;0;1
1597;28;2;1;0;0;3
1598;28;2;1;0;1;4
1599;28;0;0;1;1;2
1600;28;0;1;2;3;6
1601;28;0;1;1;1;3
1602;28;2;0;0;1;3
1603;28;0;0;2;1;3
1604;28;0;0;2;1;3
1605;28;2;1;1;1;5
1606;31;28;37;25;32;122
1607;31;34;46;52;32;164
1608;31;26;52;40;35;153
1609;31;36;41;30;40;147
1610;31;30;41;39;44;154
1611;31;27;45;35;42;149
1612;31;39;38;34;33;144
1613;31;29;39;34;35;137
1614;31;24;35;43;28;130
1615;31;24;28;40;27;119
1616;31;29;29;33;24;115
1617;31;24;33;27;18;102
1618;31;26;29;29;26;110
1619;31;27;29;22;32;110
1620;31;22;34;20;23;99
1621;31;19;20;23;25;87
1622;31;20;27;23;29;99
1623;31;19;17;16;20;72
1624;31;13;19;21;14;67
1625;31;10;19;22;26;77
1626;31;15;22;21;26;84
1627;31;13;27;14;23;77
1628;31;17;26;24;19;86
1629;31;15;18;15;18;66
1630;31;14;19;22;12;67
1631;31;13;17;16;17;63
1632;31;12;18;15;19;64
1633;31;12;19;18;16;65
1634;31;11;10;11;12;44
1635;31;9;19;19;16;63
1636;31;12;19;13;10;54
1637;31;8;11;8;10;37
1638;31;15;9;14;4;42
1639;31;8;12;8;10;38
1640;31;11;14;4;6;35
1641;31;5;12;4;9;30
1642;31;12;13;14;11;50
1643;31;3;7;6;4;20
1644;31;3;9;6;7;25
1645;31;8;9;9;5;31
1646;31;3;8;5;11;27
1647;31;3;10;6;8;27
1648;31;3;4;7;5;19
1649;31;1;9;7;8;25
1650;31;4;6;6;8;24
1651;31;6;14;6;5;31
1652;31;5;6;4;9;24
1653;31;3;6;6;5;20
1654;31;4;8;6;7;25
1655;31;3;12;5;4;24
1656;31;2;8;1;4;15
1657;31;4;5;6;4;19
1658;31;7;5;5;9;26
1659;31;4;8;3;6;21
1660;31;8;2;3;3;16
1661;31;5;6;8;4;23
1662;31;2;4;1;5;12
1663;31;1;2;7;6;16
1664;31;2;10;2;6;20
1665;31;4;4;2;3;13
1666;31;2;5;2;4;13
1667;31;1;1;8;7;17
1668;31;3;1;3;2;9
1669;31;0;3;1;5;9
1670;31;4;1;1;1;7
1671;31;1;4;2;2;9
1672;31;2;3;5;2;12
1673;31;3;2;3;6;14
1674;31;3;2;3;5;13
1675;31;2;5;3;0;10
1676;31;3;2;2;3;10
1677;31;1;3;3;4;11
1678;31;0;3;0;4;7
1679;31;4;4;5;4;17
1680;31;2;4;3;7;16
1681;31;1;1;4;3;9
1682;31;3;2;1;1;7
1683;31;3;1;4;2;10
1684;31;0;1;1;3;5
1685;31;3;1;1;3;8
1686;31;0;2;2;1;5
1687;31;1;2;2;2;7
1688;31;2;0;3;1;6
1689;31;1;3;3;5;12
1690;31;0;4;3;3;10
1691;31;0;5;3;1;9
1692;31;2;2;1;4;9
1693;31;2;1;0;1;4
1694;31;2;0;3;1;6
1695;31;2;1;0;0;3
1696;31;1;3;0;2;6
1697;31;0;1;1;3;5
1698;31;2;1;2;0;5
1699;31;2;3;3;4;12
1700;31;0;2;1;1;4
1701;31;2;2;1;2;7
1702;31;2;2;2;0;6
1703;31;1;2;0;1;4
1704;31;1;3;3;1;8
1705;31;0;5;1;4;10
1706;31;0;3;3;2;8
1707;31;1;0;0;2;3
1708;31;0;3;1;2;6
1709;31;2;2;2;1;7
1710;31;1;2;1;0;4
1711;31;1;0;1;1;3
1712;31;0;1;1;2;4
1713;31;2;1;3;1;7
1714;31;0;2;0;0;2
1715;31;0;0;0;3;3
1716;31;2;4;2;3;11
1717;31;0;1;0;1;2
1718;31;2;2;0;1;5
1719;31;1;2;1;4;8
1720;31;1;2;0;1;4
1721;31;3;0;4;0;7
1722;31;0;0;0;1;1
1723;31;0;1;0;0;1
1724;31;0;2;2;4;8
1725;31;0;3;1;4;8
1726;31;1;1;1;1;4
1727;31;0;1;1;3;5
1728;31;1;1;1;1;4
1729;31;1;0;0;3;4
1730;31;1;3;0;1;5
1731;31;1;1;0;0;2
1732;31;0;4;3;3;10
1733;31;1;1;2;0;4
1734;31;1;2;2;2;7
1735;31;1;0;0;1;2
1736;31;0;5;1;1;7
1737;31;0;2;0;0;2
1738;31;1;0;1;0;2
1739;31;3;1;1;2;7
1740;31;0;3;0;0;3
1741;31;0;2;1;2;5
1742;31;0;3;1;2;6
1743;31;1;0;1;0;2
1744;31;0;1;2;2;5
1745;31;0;2;1;2;5
1746;31;0;0;1;0;1
1747;31;0;1;1;3;5
1748;31;1;4;4;3;12
1749;31;0;1;2;5;8
1750;31;1;1;0;1;3
1751;31;1;2;2;1;6
1752;31;0;2;1;1;4
1753;31;2;2;1;4;9
1754;31;0;1;1;0;2
1755;31;3;4;1;2;10
1756;31;1;0;2;2;5
1757;31;2;1;3;0;6
1758;31;1;1;3;1;6
1759;31;3;1;0;2;6
1760;31;1;2;1;1;5
1761;31;0;4;3;1;8
1762;31;1;2;0;1;4
1763;31;0;0;1;1;2
1764;31;1;2;1;1;5
1765;31;3;1;4;1;9
1766;31;1;1;1;1;4
1767;31;0;0;0;2;2
1768;31;0;2;1;1;4
1769;31;1;0;1;1;3
1770;31;1;1;2;4;8
1771;31;4;2;0;1;7
1772;31;2;4;4;1;11
1773;31;2;0;1;0;3
1774;31;2;3;3;3;11
1775;31;1;2;1;1;5
1776;31;1;0;0;1;2
1777;31;0;1;0;0;1
1778;31;0;0;2;1;3
1779;31;0;2;2;0;4
1780;31;0;0;0;2;2
1781;31;2;0;0;0;2
1782;35;7;8;10;9;34
1783;35;3;7;4;6;20
1784;35;4;2;2;4;12
1785;35;3;6;3;2;14
1786;35;2;8;7;4;21
1787;35;3;1;1;0;5
1788;35;3;1;4;2;10
1789;35;3;4;5;1;13
1790;35;2;5;3;3;13
1791;35;3;4;0;4;11
1792;35;4;5;8;1;18
1793;35;4;3;2;1;10
1794;35;1;4;1;1;7
1795;35;2;2;3;1;8
1796;35;3;4;4;2;13
1797;35;2;5;3;2;12
1798;35;3;1;2;2;8
1799;35;5;2;1;4;12
1800;35;1;3;6;3;13
1801;35;2;2;2;2;8
1802;35;2;3;1;0;6
1803;35;3;1;1;2;7
1804;35;2;4;3;5;14
1805;35;1;6;3;4;14
1806;35;2;0;1;2;5
1807;35;1;3;1;3;8
1808;35;1;2;3;6;12
1809;35;1;2;3;5;11
1810;35;2;2;5;0;9
1811;35;4;2;2;2;10
1812;35;4;2;0;1;7
1813;35;3;3;2;1;9
1814;35;3;3;3;2;11
1815;35;3;3;0;3;9
1816;35;1;7;2;2;12
1817;35;1;3;4;4;12
1818;35;2;3;1;1;7
1819;35;2;3;1;2;8
1820;35;2;0;0;0;2
1821;35;0;4;4;4;12
1822;35;2;4;4;5;15
1823;35;0;3;2;1;6
1824;35;1;3;3;4;11
1825;35;0;6;3;3;12
1826;35;2;1;1;0;4
1827;35;0;1;1;1;3
1828;35;1;0;2;1;4
1829;35;1;3;2;0;6
1830;35;5;1;1;0;7
1831;35;1;1;1;1;4
1832;35;2;1;2;1;6
1833;35;2;3;2;2;9
1834;35;2;4;1;0;7
1835;35;0;2;2;1;5
1836;35;0;2;0;0;2
1837;35;1;1;1;2;5
1838;35;0;0;0;0;0
1839;35;3;1;0;2;6
1840;35;1;4;1;2;8
1841;35;1;4;2;4;11
1842;35;1;4;4;4;13
1843;35;0;1;2;2;5
1844;35;3;2;1;1;7
1845;35;1;1;0;1;3
1846;35;2;2;1;2;7
1847;35;0;1;2;2;5
1848;35;1;2;2;1;6
1849;35;1;1;1;1;4
1850;35;0;1;0;1;2
1851;35;1;0;0;1;2
1852;35;0;3;1;1;5
1853;35;0;1;2;3;6
1854;35;2;1;0;2;5
1855;35;2;1;1;0;4
1856;35;1;1;2;1;5
1857;35;2;1;1;0;4
1858;35;1;0;2;0;3
1859;35;2;1;0;1;4
1860;35;2;0;1;0;3
1861;35;1;2;2;4;9
1862;35;0;3;0;2;5
1863;35;0;1;1;1;3
1864;35;2;0;0;1;3
1865;35;1;2;1;0;4
1866;35;1;1;3;4;9
1867;35;2;2;3;2;9
1868;35;1;0;1;2;4
1869;35;2;0;1;1;4
1870;35;1;1;3;1;6
1871;35;1;0;0;2;3
1872;35;0;2;1;2;5
1873;35;0;4;3;2;9
1874;35;2;2;1;2;7
1875;35;1;1;4;0;6
1876;35;1;0;1;2;4
1877;35;0;2;1;0;3
1878;35;2;0;0;0;2
1879;35;1;0;0;3;4
1880;35;1;1;1;2;5
1881;35;0;1;3;3;7
1882;35;1;1;0;1;3
1883;35;2;1;0;2;5
1884;35;0;0;1;0;1
1885;35;0;1;0;0;1
1886;35;1;1;2;2;6
1887;35;2;2;0;1;5
1888;35;0;2;1;1;4
1889;35;1;1;1;0;3
1890;35;0;0;1;3;4
1891;35;0;2;1;2;5
1892;35;1;2;1;2;6
1893;35;2;3;1;2;8
1894;35;2;0;1;1;4
1895;35;1;2;1;2;6
1896;35;0;1;1;0;2
1897;35;0;2;1;0;3
1898;35;0;0;0;1;1
1899;35;0;2;0;2;4
1900;35;2;0;1;1;4
1901;35;1;1;1;1;4
1902;35;0;1;0;0;1
1903;35;2;3;0;2;7
1904;35;1;0;0;1;2
1905;35;1;2;3;2;8
1906;35;1;1;0;0;2
1907;35;4;1;1;3;9
1908;35;1;1;2;2;6
1909;35;3;1;2;3;9
1910;35;0;1;2;1;4
1911;35;1;1;1;0;3
1912;35;0;2;5;2;9
1913;35;2;1;0;1;4
1914;35;2;2;1;2;7
1915;35;0;0;0;2;2
1916;35;0;1;1;3;5
1917;35;2;3;2;3;10
1918;35;0;2;2;2;6
1919;35;0;1;2;2;5
1920;35;0;0;2;1;3
1921;35;2;3;1;1;7
1922;35;1;1;1;3;6
1923;35;2;1;1;0;4
1924;35;1;2;0;0;3
1925;35;0;2;1;1;4
1926;35;3;1;1;3;8
1927;35;0;1;0;0;1
1928;35;0;0;1;1;2
1929;35;2;1;1;1;5
1930;35;2;0;0;0;2
1931;35;0;2;0;2;4
1932;35;0;1;1;3;5
1933;35;0;4;2;1;7
1934;35;0;0;0;1;1
1935;35;1;1;1;1;4
1936;35;0;1;0;0;1
1937;35;0;2;3;2;7
1938;35;2;0;0;1;3
1939;35;1;2;2;1;6
1940;35;1;1;1;0;3
1941;35;1;2;0;1;4
1942;35;0;1;1;2;4
1943;35;0;1;0;1;2
1944;35;0;1;1;0;2
1945;35;1;2;4;2;9
1946;35;2;0;1;1;4
1947;35;2;2;1;1;6
1948;35;2;2;2;1;7
1949;35;1;1;2;2;6
1950;35;0;1;0;0;1
1951;35;1;4;0;0;5
1952;35;1;2;0;1;4
1953;35;0;2;1;2;5
1954;35;1;1;1;2;5
1955;35;1;1;1;1;4
1956;35;0;1;2;4;7
1957;35;1;1;0;2;4
1958;35;0;4;0;1;5
1959;35;1;3;1;1;6
1960;35;1;2;1;1;5
1961;35;0;1;4;1;6
1962;35;1;2;3;1;7
1963;35;2;1;0;3;6
1964;35;3;1;0;2;6
1965;35;3;0;0;1;4
1966;35;0;3;1;0;4
1967;35;0;4;1;1;6
1968;35;1;2;0;1;4
1969;35;2;2;1;2;7
1970;35;0;1;1;2;4
1971;35;2;0;1;3;6
1972;35;1;1;0;1;3
1973;35;2;1;2;1;6
1974;35;2;0;0;1;3
1975;35;1;2;0;0;3
1976;35;3;2;2;3;10
1977;35;1;0;0;2;3
1978;35;0;1;2;1;4
1979;35;1;5;0;0;6
1980;35;0;1;1;2;4
1981;35;0;2;1;0;3
1982;35;1;1;0;1;3
1983;35;1;0;0;0;1
1984;35;1;1;1;1;4
1985;35;0;1;2;1;4
1986;35;1;0;0;1;2
1987;35;0;1;0;0;1
1988;35;0;1;1;1;3
1989;39;7;5;5;5;22
1990;39;1;2;1;0;4
1991;39;1;1;0;2;4
1992;39;1;2;0;1;4
1993;39;0;1;2;3;6
1994;39;1;1;1;1;4
1995;39;4;2;1;1;8
1996;39;1;3;3;3;10
1997;39;2;1;2;2;7
1998;39;0;2;0;1;3
1999;39;2;2;1;4;9
2000;39;2;1;1;0;4
2001;39;1;3;0;2;6
2002;39;2;4;0;1;7
2003;39;1;1;2;1;5
2004;39;2;1;1;2;6
2005;39;2;0;1;1;4
2006;39;2;2;2;1;7
2007;39;1;3;0;2;6
2008;39;3;4;1;0;8
2009;39;1;4;3;3;11
2010;39;0;2;1;3;6
2011;39;3;2;0;1;6
2012;39;4;2;0;0;6
2013;39;0;1;2;1;4
2014;39;1;1;0;0;2
2015;39;0;1;0;0;1
2016;39;1;1;1;1;4
2017;39;0;0;0;1;1
2018;39;0;0;3;0;3
2019;39;0;0;1;4;5
2020;39;1;1;2;3;7
2021;39;2;1;4;1;8
2022;39;2;0;0;0;2
2023;39;0;3;0;1;4
2024;39;1;3;2;1;7
2025;39;2;0;0;1;3
2026;39;1;1;1;3;6
2027;39;2;3;0;1;6
2028;39;1;0;0;3;4
2029;39;1;1;1;2;5
2030;39;4;3;3;2;12
2031;39;1;2;3;4;10
2032;39;1;0;0;0;1
2033;39;0;0;1;1;2
2034;39;0;0;2;1;3
2035;39;1;1;2;2;6
2036;39;2;1;1;3;7
2037;39;1;2;2;3;8
2038;39;0;2;1;1;4
2039;39;0;0;0;0;0
2040;39;2;1;0;0;3
2041;39;1;2;2;1;6
2042;39;1;1;0;1;3
2043;39;1;0;2;0;3
2044;39;1;0;0;1;2
2045;39;1;0;0;1;2
2046;39;0;0;0;0;0
2047;39;3;0;0;0;3
2048;39;0;0;1;0;1
2049;39;0;2;1;1;4
2050;39;0;2;1;0;3
2051;39;1;2;0;1;4
2052;39;0;0;1;0;1
2053;39;2;2;1;1;6
2054;39;0;2;1;1;4
2055;39;5;1;0;0;6
2056;39;1;2;3;1;7
2057;39;1;2;2;3;8
2058;39;3;1;0;1;5
2059;39;1;2;1;3;7
2060;39;4;1;2;0;7
2061;39;0;3;0;1;4
2062;39;1;0;2;0;3
2063;39;1;3;2;1;7
2064;39;0;5;2;1;8
2065;39;1;0;0;2;3
2066;39;0;0;1;2;3
2067;39;1;0;2;2;5
2068;39;1;4;2;2;9
2069;39;1;0;0;0;1
2070;39;0;1;0;1;2
2071;39;0;1;0;1;2
2072;39;1;0;1;0;2
2073;39;0;3;1;2;6
2074;39;0;2;1;1;4
2075;39;1;2;1;2;6
2076;39;0;1;0;0;1
2077;39;1;0;0;1;2
2078;39;1;1;0;1;3
2079;39;2;2;2;4;10
2080;39;4;3;1;3;11
2081;39;0;2;1;2;5
2082;39;1;1;0;1;3
2083;39;2;4;1;1;8
2084;39;0;1;1;1;3
2085;39;1;3;3;2;9
2086;39;0;0;2;0;2
2087;39;2;0;0;0;2
2088;39;1;0;1;1;3
2089;39;2;1;0;2;5
2090;39;1;1;0;1;3
2091;39;1;3;3;3;10
2092;39;0;0;2;2;4
2093;39;0;2;1;0;3
2094;39;1;1;2;2;6
2095;39;2;1;3;2;8
2096;39;0;0;3;1;4
2097;39;1;2;1;0;4
2098;39;0;2;1;2;5
2099;39;2;4;0;0;6
2100;39;0;0;0;2;2
2101;39;1;3;0;1;5
2102;39;1;3;1;3;8
2103;39;1;3;3;4;11
2104;39;3;1;0;0;4
2105;39;0;1;0;2;3
2106;39;0;0;0;2;2
2107;39;0;0;0;0;0
2108;39;1;1;0;0;2
2109;39;1;4;1;0;6
2110;39;1;0;1;1;3
2111;39;2;1;1;0;4
2112;39;1;1;1;1;4
2113;39;1;0;0;2;3
2114;39;0;0;0;0;0
2115;39;3;1;1;3;8
2116;39;2;2;0;0;4
2117;39;3;1;1;2;7
2118;39;0;1;1;2;4
2119;39;0;1;0;0;1
2120;39;0;1;3;1;5
2121;39;1;0;1;0;2
2122;39;1;2;3;1;7
2123;39;1;1;1;1;4
2124;39;0;0;1;1;2
2125;39;1;1;0;1;3
2126;39;2;0;1;3;6
2127;39;1;1;0;2;4
2128;39;1;1;4;2;8
2129;39;1;1;1;0;3
2130;39;0;3;0;0;3
2131;39;0;4;1;2;7
2132;39;1;0;1;0;2
2133;39;0;1;0;0;1
2134;39;0;1;2;0;3
2135;39;0;2;0;3;5
2136;39;1;3;1;0;5
2137;39;0;1;0;0;1
2138;39;0;1;0;1;2
2139;39;1;0;2;1;4
2140;39;1;0;0;2;3
2141;39;1;1;0;2;4
2142;39;2;0;1;0;3
2143;39;3;0;1;1;5
2144;39;3;1;1;2;7
2145;39;2;3;2;1;8
2146;39;3;0;1;2;6
2147;39;0;3;2;3;8
2148;39;0;3;1;2;6
2149;39;1;2;1;0;4
2150;39;0;2;2;0;4
2151;39;1;2;1;2;6
2152;39;0;1;2;2;5
2153;39;0;0;0;2;2
2154;39;1;1;0;1;3
2155;39;0;1;0;2;3
2156;39;0;1;1;3;5
2157;39;1;2;4;1;8
2158;39;0;1;2;1;4
2159;39;0;1;0;0;1
2160;39;0;0;1;0;1
2161;39;1;1;5;0;7
2162;39;1;0;0;1;2
2163;39;3;1;1;3;8
2164;39;1;1;1;1;4
2165;39;0;2;1;0;3
2166;39;2;1;0;0;3
2167;39;0;0;0;0;0
2168;39;1;0;0;2;3
2169;39;0;3;2;3;8
2170;39;0;2;2;2;6
2171;39;1;4;1;3;9
2172;39;3;0;0;0;3
2173;39;0;1;3;1;5
2174;39;1;1;1;2;5
2175;39;0;2;1;0;3
2176;39;1;1;1;0;3
2177;39;0;1;2;0;3
2178;39;2;1;0;1;4
2179;40;5;5;5;5;20
2180;40;1;2;0;1;4
2181;40;2;2;1;0;5
2182;40;0;1;1;2;4
2183;40;1;2;1;2;6
2184;40;0;1;2;2;5
2185;40;2;0;4;0;6
2186;40;2;1;2;1;6
2187;40;1;3;4;3;11
2188;40;0;1;0;1;2
2189;40;2;0;0;1;3
2190;40;0;2;0;1;3
2191;40;2;3;3;3;11
2192;40;0;3;1;2;6
2193;40;2;1;1;2;6
2194;40;1;4;1;1;7
2195;40;2;0;2;2;6
2196;40;1;1;3;2;7
2197;40;0;0;1;0;1
2198;40;0;3;2;3;8
2199;40;1;1;3;1;6
2200;40;1;2;1;4;8
2201;40;2;2;0;2;6
2202;40;1;0;0;0;1
2203;40;2;0;2;1;5
2204;40;1;0;0;2;3
2205;40;2;1;1;2;6
2206;40;1;1;2;3;7
2207;40;0;1;3;2;6
2208;40;1;0;1;0;2
2209;40;1;1;1;1;4
2210;40;2;0;2;0;4
2211;40;0;1;0;1;2
2212;40;2;1;2;1;6
2213;40;1;2;1;1;5
2214;40;1;2;6;1;10
2215;40;0;0;1;1;2
2216;40;1;0;1;0;2
2217;40;3;1;1;0;5
2218;40;2;0;0;2;4
2219;40;1;0;1;0;2
2220;40;4;2;1;3;10
2221;40;0;1;0;3;4
2222;40;0;0;0;0;0
2223;40;4;1;1;1;7
2224;40;0;1;1;0;2
2225;40;0;0;1;0;1
2226;40;0;2;3;1;6
2227;40;1;2;1;0;4
2228;40;1;5;1;3;10
2229;40;2;3;0;1;6
2230;40;0;2;2;2;6
2231;40;2;0;0;2;4
2232;40;2;3;2;3;10
2233;40;1;1;0;1;3
2234;40;1;0;0;4;5
2235;40;3;0;0;0;3
2236;40;2;1;0;3;6
2237;40;0;0;1;1;2
2238;40;0;2;1;1;4
2239;40;0;0;0;0;0
2240;40;0;2;3;1;6
2241;40;0;1;1;6;8
2242;40;2;3;1;2;8
2243;40;0;4;1;2;7
2244;40;1;1;0;1;3
2245;40;1;2;3;2;8
2246;40;2;0;0;2;4
2247;40;0;1;2;2;5
2248;40;1;0;1;2;4
2249;40;0;0;1;2;3
2250;40;4;3;3;1;11
2251;40;4;0;1;3;8
2252;40;0;0;1;2;3
2253;40;0;1;0;0;1
2254;40;0;0;1;1;2
2255;40;2;1;1;0;4
2256;40;1;0;0;0;1
2257;40;0;1;3;4;8
2258;40;1;1;0;0;2
2259;40;1;2;0;3;6
2260;40;2;1;1;1;5
2261;40;2;1;1;0;4
2262;40;0;3;5;3;11
2263;40;3;0;2;3;8
2264;40;2;0;0;1;3
2265;40;2;2;0;1;5
2266;40;0;3;0;0;3
2267;40;1;2;2;3;8
2268;40;1;1;1;0;3
2269;40;0;1;0;1;2
2270;40;2;2;1;3;8
2271;40;0;0;0;0;0
2272;40;0;2;1;2;5
2273;40;1;2;1;3;7
2274;40;0;0;0;1;1
2275;40;2;1;0;0;3
2276;40;0;1;0;1;2
2277;40;2;0;0;2;4
2278;40;1;3;4;4;12
2279;40;3;1;1;1;6
2280;40;0;5;1;3;9
2281;40;2;1;1;0;4
2282;40;2;2;0;1;5
2283;40;1;0;0;0;1
2284;40;2;2;2;2;8
2285;40;1;0;0;0;1
2286;40;1;1;0;1;3
2287;40;2;1;1;0;4
2288;40;0;2;2;3;7
2289;40;0;1;1;0;2
2290;40;1;1;0;1;3
2291;40;0;2;2;2;6
2292;40;0;1;1;0;2
2293;40;0;0;0;2;2
2294;40;3;0;0;0;3
2295;40;0;1;1;1;3
2296;40;0;1;0;1;2
2297;40;0;0;2;1;3
2298;40;2;1;1;1;5
2299;40;1;3;2;2;8
2300;40;1;0;0;2;3
2301;40;1;0;0;4;5
2302;40;0;1;4;2;7
2303;40;1;1;1;2;5
2304;40;0;0;0;0;0
2305;40;1;1;0;0;2
2306;40;1;1;0;1;3
2307;40;1;0;0;0;1
2308;40;0;2;2;1;5
2309;40;1;0;0;1;2
2310;40;1;2;1;2;6
2311;40;1;0;1;0;2
2312;40;1;1;0;3;5
2313;40;1;0;0;1;2
2314;40;2;1;2;1;6
2315;40;2;2;0;1;5
2316;40;0;0;0;3;3
2317;40;0;2;0;0;2
2318;40;0;1;1;2;4
2319;40;1;3;2;1;7
2320;40;2;0;1;0;3
2321;40;1;0;0;1;2
2322;40;4;2;1;2;9
2323;40;0;0;0;0;0
2324;40;1;0;1;1;3
2325;40;3;2;0;0;5
2326;40;0;2;1;1;4
2327;40;1;2;2;1;6
2328;40;2;4;0;1;7
2329;40;2;2;2;1;7
2330;40;1;2;1;2;6
2331;40;0;0;0;0;0
2332;40;0;1;1;0;2
2333;40;0;4;0;2;6
2334;40;1;0;1;0;2
2335;40;1;1;2;1;5
2336;40;0;1;1;2;4
2337;40;0;1;0;0;1
2338;40;1;0;0;1;2
2339;40;1;0;0;3;4
2340;40;0;2;1;0;3
2341;40;0;1;0;0;1
2342;40;2;1;2;1;6
2343;40;3;1;0;1;5
2344;40;0;0;0;2;2
2345;40;1;3;0;0;4
2346;40;1;0;1;0;2
2347;40;1;2;1;4;8
2348;40;2;1;0;1;4
2349;40;1;0;3;0;4
2350;40;2;0;1;0;3
2351;40;0;0;1;1;2
2352;40;0;0;1;2;3
2353;40;2;0;0;0;2
2354;40;3;0;0;1;4
2355;40;1;0;1;0;2
2356;40;2;0;1;0;3
2357;40;1;0;0;2;3
2358;40;0;2;0;2;4
2359;40;5;2;2;2;11
2360;40;0;1;1;1;3
2361;40;0;0;0;1;1
2362;40;0;1;0;0;1
2363;43;19;35;24;23;101
2364;43;21;25;18;15;79
2365;43;15;20;23;14;72
2366;43;10;15;16;13;54
2367;43;8;17;17;15;57
2368;43;14;21;18;15;68
2369;43;12;16;15;16;59
2370;43;9;19;16;19;63
2371;43;12;16;11;12;51
2372;43;15;11;18;13;57
2373;43;10;8;17;23;58
2374;43;11;14;16;13;54
2375;43;11;13;9;11;44
2376;43;10;11;8;11;40
2377;43;10;15;10;15;50
2378;43;12;14;2;4;32
2379;43;11;14;10;10;45
2380;43;8;12;11;10;41
2381;43;7;18;6;9;40
2382;43;11;8;8;12;39
2383;43;9;8;8;5;30
2384;43;5;9;13;8;35
2385;43;3;13;9;9;34
2386;43;1;4;2;7;14
2387;43;8;9;11;9;37
2388;43;5;7;6;5;23
2389;43;4;8;8;5;25
2390;43;5;4;3;7;19
2391;43;1;9;7;8;25
2392;43;7;9;5;5;26
2393;43;5;8;5;10;28
2394;43;4;5;5;6;20
2395;43;4;5;6;8;23
2396;43;3;7;5;4;19
2397;43;10;6;7;4;27
2398;43;1;4;5;6;16
2399;43;4;6;7;5;22
2400;43;2;0;4;4;10
2401;43;3;2;5;2;12
2402;43;5;2;2;11;20
2403;43;4;1;2;4;11
2404;43;1;4;6;2;13
2405;43;6;2;1;2;11
2406;43;4;7;5;3;19
2407;43;2;6;3;1;12
2408;43;3;6;2;4;15
2409;43;3;2;2;6;13
2410;43;1;1;3;3;8
2411;43;1;7;3;3;14
2412;43;2;2;3;3;10
2413;43;0;2;3;3;8
2414;43;0;2;4;6;12
2415;43;3;4;2;1;10
2416;43;3;3;4;4;14
2417;43;2;2;4;2;10
2418;43;3;4;4;4;15
2419;43;2;1;1;3;7
2420;43;2;2;5;4;13
2421;43;2;5;4;3;14
2422;43;1;3;2;1;7
2423;43;1;1;4;2;8
2424;43;0;4;3;3;10
2425;43;2;0;0;1;3
2426;43;4;3;2;4;13
2427;43;3;1;0;1;5
2428;43;1;5;3;2;11
2429;43;0;1;2;0;3
2430;43;1;1;0;4;6
2431;43;0;0;4;1;5
2432;43;1;6;3;1;11
2433;43;2;2;1;2;7
2434;43;3;1;2;1;7
2435;43;2;3;0;2;7
2436;43;1;2;1;1;5
2437;43;1;1;0;2;4
2438;43;1;0;1;3;5
2439;43;1;1;1;2;5
2440;43;2;2;1;1;6
2441;43;1;3;1;2;7
2442;43;0;2;4;2;8
2443;43;2;0;1;0;3
2444;43;0;6;1;1;8
2445;43;1;0;4;3;8
2446;43;0;1;2;2;5
2447;43;1;3;1;4;9
2448;43;2;1;0;5;8
2449;43;1;2;1;3;7
2450;43;1;3;0;2;6
2451;43;4;3;3;2;12
2452;43;1;0;0;1;2
2453;43;0;1;1;1;3
2454;43;0;2;3;1;6
2455;43;2;0;1;0;3
2456;43;1;1;2;2;6
2457;43;0;2;0;1;3
2458;43;0;3;1;2;6
2459;43;1;2;0;1;4
2460;43;1;1;0;0;2
2461;43;2;1;3;2;8
2462;43;0;2;1;1;4
2463;43;2;0;0;0;2
2464;43;1;0;0;2;3
2465;43;2;2;1;3;8
2466;43;0;0;0;0;0
2467;43;1;2;1;0;4
2468;43;0;4;2;3;9
2469;43;1;3;0;0;4
2470;43;0;2;1;1;4
2471;43;0;1;1;1;3
2472;43;0;0;1;0;1
2473;43;1;0;1;1;3
2474;43;0;0;0;2;2
2475;43;2;3;1;2;8
2476;43;1;1;2;3;7
2477;43;4;0;0;1;5
2478;43;0;0;1;1;2
2479;43;0;3;2;1;6
2480;43;1;0;2;0;3
2481;43;1;1;0;1;3
2482;43;0;0;3;1;4
2483;43;0;2;3;1;6
2484;43;2;2;0;0;4
2485;43;1;1;1;0;3
2486;43;2;0;2;0;4
2487;43;2;0;3;0;5
2488;43;0;0;0;1;1
2489;43;0;2;2;2;6
2490;43;0;2;0;0;2
2491;43;0;0;1;0;1
2492;43;0;2;0;2;4
2493;43;0;1;0;1;2
2494;43;2;1;0;1;4
2495;43;1;0;0;1;2
2496;43;0;1;3;0;4
2497;43;0;0;1;2;3
2498;43;3;2;0;0;5
2499;43;0;0;2;0;2
2500;43;1;2;1;2;6
2501;43;0;3;1;2;6
2502;43;1;2;1;5;9
2503;43;0;0;1;1;2
2504;43;1;1;1;1;4
2505;43;3;2;1;3;9
2506;43;1;2;1;0;4
2507;43;1;0;2;1;4
2508;43;2;0;0;1;3
2509;43;0;6;2;3;11
2510;43;1;3;1;3;8
2511;43;1;0;0;0;1
2512;43;3;2;3;3;11
2513;43;0;2;0;0;2
2514;43;2;0;1;0;3
2515;43;0;0;0;0;0
2516;43;3;4;1;2;10
2517;43;0;2;1;1;4
2518;43;0;0;0;0;0
2519;43;0;0;2;1;3
2520;43;1;1;3;1;6
2521;43;2;1;0;0;3
2522;43;1;0;3;0;4
2523;43;1;2;2;1;6
2524;43;0;1;1;2;4
2525;43;0;0;2;3;5
2526;43;2;1;0;1;4
2527;43;2;2;3;0;7
2528;43;1;4;1;3;9
2529;43;1;2;1;0;4
2530;43;2;0;1;0;3
2531;43;1;1;2;1;5
2532;43;0;0;0;0;0
2533;43;2;3;0;1;6
2534;43;2;0;0;1;3
2535;43;0;2;1;0;3
2536;43;2;2;2;2;8
2537;43;1;2;1;1;5
2538;43;1;2;0;2;5
2539;43;2;3;1;1;7
2540;43;2;2;0;1;5
2541;43;1;1;1;1;4
2542;43;2;4;1;1;8
2543;43;2;2;1;1;6
2544;43;0;0;0;3;3
2545;43;0;0;1;0;1
2546;43;3;0;0;0;3
2547;43;2;2;1;1;6
2548;43;1;0;0;1;2
2549;43;2;0;0;3;5
2550;43;0;0;1;2;3
2551;43;1;2;1;2;6
2552;43;1;0;1;0;2
2553;43;1;1;2;1;5
2554;43;1;0;1;1;3
2555;43;1;2;2;1;6
2556;43;0;1;0;0;1
2557;43;1;3;3;2;9
2558;43;0;1;1;0;2
2559;43;0;2;2;1;5
2560;43;1;1;1;0;3
2561;43;2;1;1;1;5
2562;43;1;3;1;3;8
2563;43;0;2;2;2;6
2564;43;2;1;0;1;4
2565;43;0;5;1;1;7
2566;43;3;0;1;2;6
2567;43;5;3;0;0;8
2568;43;4;1;0;3;8
2569;43;0;2;2;2;6
2570;43;1;3;1;2;7
2571;43;0;1;1;2;4
2572;43;1;1;1;3;6
2573;43;1;2;1;0;4
2574;43;0;0;3;3;6
2575;43;1;1;0;0;2
2576;43;2;0;0;0;2
2577;43;0;0;0;2;2
2578;43;0;1;2;1;4
2579;43;0;2;1;0;3
2580;43;1;2;0;0;3
2581;43;0;1;0;2;3
2582;47;5;11;8;4;28
2583;47;7;2;1;2;12
2584;47;1;8;2;2;13
2585;47;2;6;2;4;14
2586;47;0;8;1;3;12
2587;47;4;3;3;3;13
2588;47;5;6;4;5;20
2589;47;3;2;5;4;14
2590;47;2;0;3;0;5
2591;47;2;3;4;4;13
2592;47;3;2;4;2;11
2593;47;2;2;3;1;8
2594;47;3;2;2;1;8
2595;47;5;0;1;2;8
2596;47;6;4;2;3;15
2597;47;1;3;2;3;9
2598;47;5;1;2;3;11
2599;47;0;1;3;1;5
2600;47;4;2;1;3;10
2601;47;2;1;1;2;6
2602;47;1;1;3;3;8
2603;47;0;4;1;3;8
2604;47;7;4;6;5;22
2605;47;3;2;2;5;12
2606;47;1;1;0;2;4
2607;47;1;2;4;3;10
2608;47;2;3;0;0;5
2609;47;1;0;0;1;2
2610;47;0;0;2;1;3
2611;47;1;1;1;1;4
2612;47;0;3;2;0;5
2613;47;2;1;0;1;4
2614;47;1;1;1;3;6
2615;47;3;1;1;0;5
2616;47;0;2;2;4;8
2617;47;1;1;3;2;7
2618;47;1;3;2;2;8
2619;47;1;0;0;0;1
2620;47;0;1;2;2;5
2621;47;2;0;0;0;2
2622;47;1;1;2;0;4
2623;47;2;1;3;1;7
2624;47;1;0;0;0;1
2625;47;1;0;0;1;2
2626;47;2;0;0;1;3
2627;47;0;2;0;1;3
2628;47;1;1;1;3;6
2629;47;1;0;1;1;3
2630;47;0;2;1;2;5
2631;47;1;1;2;2;6
2632;47;1;2;1;1;5
2633;47;2;6;3;1;12
2634;47;0;2;1;5;8
2635;47;1;1;0;2;4
2636;47;2;2;3;1;8
2637;47;0;1;4;2;7
2638;47;4;1;2;1;8
2639;47;2;0;2;3;7
2640;47;1;2;3;4;10
2641;47;0;0;2;0;2
2642;47;3;2;0;3;8
2643;47;3;3;1;4;11
2644;47;1;1;3;3;8
2645;47;2;1;1;0;4
2646;47;1;1;1;2;5
2647;47;1;1;2;4;8
2648;47;5;0;0;3;8
2649;47;0;2;1;1;4
2650;47;2;0;1;1;4
2651;47;2;2;2;6;12
2652;47;2;2;1;2;7
2653;47;1;1;4;3;9
2654;47;1;2;1;2;6
2655;47;2;0;0;1;3
2656;47;0;0;2;2;4
2657;47;1;1;0;1;3
2658;47;1;0;0;1;2
2659;47;3;5;2;3;13
2660;47;0;2;1;2;5
2661;47;2;2;0;1;5
2662;47;0;1;0;2;3
2663;47;0;0;1;1;2
2664;47;1;1;0;2;4
2665;47;2;1;0;2;5
2666;47;1;2;0;1;4
2667;47;2;4;0;1;7
2668;47;3;1;1;0;5
2669;47;2;2;3;4;11
2670;47;3;2;1;2;8
2671;47;1;0;1;1;3
2672;47;0;1;1;0;2
2673;47;0;0;0;3;3
2674;47;0;2;1;2;5
2675;47;0;1;2;3;6
2676;47;1;2;2;1;6
2677;47;1;0;0;1;2
2678;47;0;2;1;1;4
2679;47;0;2;1;1;4
2680;47;2;2;0;2;6
2681;47;1;1;1;2;5
2682;47;1;0;0;2;3
2683;47;1;0;0;3;4
2684;47;0;0;2;1;3
2685;47;4;1;0;2;7
2686;47;3;1;3;2;9
2687;47;0;1;3;2;6
2688;47;2;4;0;0;6
2689;47;1;0;1;4;6
2690;47;0;1;0;0;1
2691;47;1;2;0;2;5
2692;47;1;1;1;2;5
2693;47;0;1;2;0;3
2694;47;1;1;2;2;6
2695;47;1;1;1;2;5
2696;47;1;1;1;1;4
2697;47;1;1;0;0;2
2698;47;0;0;1;0;1
2699;47;4;1;1;2;8
2700;47;3;2;2;1;8
2701;47;4;3;2;4;13
2702;47;1;0;0;0;1
2703;47;3;2;1;1;7
2704;47;2;0;2;0;4
2705;47;2;3;2;3;10
2706;47;1;1;0;2;4
2707;47;1;1;0;0;2
2708;47;1;1;0;3;5
2709;47;2;0;2;1;5
2710;47;1;1;1;0;3
2711;47;0;1;1;1;3
2712;47;0;2;0;1;3
2713;47;0;2;3;5;10
2714;47;0;0;0;0;0
2715;47;2;0;0;1;3
2716;47;3;3;1;4;11
2717;47;1;1;2;3;7
2718;47;0;4;4;1;9
2719;47;1;2;3;2;8
2720;47;2;1;0;1;4
2721;47;1;0;2;0;3
2722;47;0;1;0;0;1
2723;47;2;0;1;0;3
2724;47;0;0;1;0;1
2725;47;1;2;0;0;3
2726;47;1;1;0;1;3
2727;47;0;0;0;2;2
2728;47;2;2;1;2;7
2729;47;0;1;0;2;3
2730;47;1;2;0;0;3
2731;47;0;1;0;1;2
2732;47;1;0;0;3;4
2733;47;0;0;1;0;1
2734;47;0;1;1;1;3
2735;47;1;4;2;1;8
2736;47;1;2;0;0;3
2737;47;0;1;1;2;4
2738;47;0;1;0;1;2
2739;47;1;1;1;1;4
2740;47;1;0;1;0;2
2741;47;0;0;1;1;2
2742;47;1;0;1;1;3
2743;47;1;0;1;0;2
2744;47;2;1;1;1;5
2745;47;0;1;1;1;3
2746;47;0;0;0;0;0
2747;47;0;3;1;1;5
2748;47;0;1;0;0;1
2749;47;1;0;1;1;3
2750;47;2;0;0;1;3
2751;47;1;1;0;0;2
2752;47;0;1;1;2;4
2753;47;1;2;2;2;7
2754;47;0;1;0;3;4
2755;47;0;2;0;0;2
2756;47;1;0;1;0;2
2757;47;3;1;3;3;10
2758;47;1;0;1;1;3
2759;47;0;2;2;2;6
2760;47;1;0;1;2;4
2761;47;1;0;2;3;6
2762;47;1;0;1;1;3
2763;47;0;2;1;3;6
2764;47;0;2;0;0;2
2765;47;0;2;1;2;5
2766;47;1;1;0;1;3
2767;47;3;0;0;1;4
2768;47;1;0;2;0;3
2769;47;2;1;0;2;5
2770;47;1;1;1;0;3
2771;47;0;2;0;1;3
2772;47;2;3;3;3;11
2773;47;0;2;2;2;6
2774;47;1;0;2;2;5
2775;47;0;3;1;1;5
2776;47;2;2;2;2;8
2777;47;0;2;2;1;5
2778;47;0;4;1;0;5
2779;47;2;1;3;2;8
2780;47;1;0;1;0;2
2781;47;2;1;1;1;5
2782;47;0;1;1;2;4
2783;47;2;2;3;2;9
2784;47;1;0;1;1;3
2785;47;4;1;0;1;6
2786;47;0;2;2;3;7
2787;47;0;0;1;0;1
2788;47;0;2;3;1;6
2789;47;1;3;3;3;10
2790;47;0;0;0;2;2
2791;47;1;0;2;0;3
2792;47;1;6;4;3;14
2793;47;3;0;1;1;5
2794;47;1;1;0;1;3
2795;47;1;0;1;0;2
2796;47;1;0;0;4;5
2797;47;3;1;1;1;6
2798;47;1;0;1;4;6
2799;47;2;1;2;2;7
2800;47;1;3;2;3;9
2801;47;0;1;3;1;5
2802;47;1;1;1;1;4
2803;47;1;2;1;1;5
2804;47;1;0;3;2;6
2805;47;0;0;3;3;6
2806;47;0;0;2;1;3
2807;47;2;1;0;0;3
2808;47;0;3;5;2;10
2809;47;1;2;0;3;6
2810;49;1;3;4;6;14
2811;49;0;2;0;1;3
2812;49;2;1;2;3;8
2813;49;1;3;2;2;8
2814;49;0;0;2;1;3
2815;49;2;2;2;3;9
2816;49;1;0;1;6;8
2817;49;0;5;2;1;8
2818;49;1;1;2;0;4
2819;49;3;1;1;2;7
2820;49;1;1;2;1;5
2821;49;3;1;0;2;6
2822;49;0;2;1;5;8
2823;49;0;2;0;2;4
2824;49;1;3;2;2;8
2825;49;2;1;0;1;4
2826;49;3;5;2;1;11
2827;49;1;2;1;4;8
2828;49;1;1;1;4;7
2829;49;0;1;2;1;4
2830;49;1;0;0;1;2
2831;49;1;4;1;0;6
2832;49;1;1;1;3;6
2833;49;0;2;1;2;5
2834;49;0;1;1;2;4
2835;49;1;1;2;0;4
2836;49;0;0;3;4;7
2837;49;0;2;1;1;4
2838;49;1;1;0;3;5
2839;49;1;1;0;1;3
2840;49;2;1;2;3;8
2841;49;0;1;2;2;5
2842;49;3;1;0;0;4
2843;49;0;3;1;3;7
2844;49;0;1;2;2;5
2845;49;0;1;1;0;2
2846;49;3;1;2;0;6
2847;49;1;0;0;1;2
2848;49;1;3;3;0;7
2849;49;3;1;1;0;5
2850;49;1;3;0;1;5
2851;49;0;2;0;1;3
2852;49;1;4;4;1;10
2853;49;1;2;2;3;8
2854;49;0;1;1;2;4
2855;49;1;0;0;0;1
2856;49;2;1;0;0;3
2857;49;1;0;0;0;1
2858;49;1;1;1;3;6
2859;49;1;1;1;1;4
2860;49;0;3;0;2;5
2861;49;1;1;0;3;5
2862;49;1;4;1;3;9
2863;49;2;2;2;2;8
2864;49;1;2;1;1;5
2865;49;1;2;1;1;5
2866;49;0;0;0;0;0
2867;49;1;0;0;0;1
2868;49;1;1;3;2;7
2869;49;0;0;0;0;0
2870;49;1;1;0;1;3
2871;49;2;0;1;0;3
2872;49;0;1;1;1;3
2873;49;1;0;1;0;2
2874;49;1;1;0;1;3
2875;49;0;0;1;1;2
2876;49;2;2;1;2;7
2877;49;1;1;0;1;3
2878;49;0;1;1;0;2
2879;49;1;2;1;3;7
2880;49;2;1;1;0;4
2881;49;1;1;1;1;4
2882;49;2;3;0;2;7
2883;49;1;2;2;0;5
2884;49;2;0;0;0;2
2885;49;1;1;1;0;3
2886;49;0;3;0;1;4
2887;49;1;1;0;1;3
2888;49;2;1;3;2;8
2889;49;2;1;1;4;8
2890;49;1;2;0;1;4
2891;49;0;0;0;0;0
2892;49;1;2;2;1;6
2893;49;2;4;1;3;10
2894;49;4;1;0;1;6
2895;49;0;3;0;3;6
2896;49;2;0;2;1;5
2897;49;0;0;1;1;2
2898;49;0;0;0;0;0
2899;49;0;1;0;1;2
2900;49;1;0;2;1;4
2901;49;0;2;2;1;5
2902;49;0;0;1;2;3
2903;49;3;2;0;0;5
2904;49;0;0;0;0;0
2905;49;1;1;1;1;4
2906;49;3;1;1;1;6
2907;49;2;1;0;2;5
2908;49;0;2;2;1;5
2909;49;0;0;0;0;0
2910;49;0;2;0;1;3
2911;49;0;0;0;1;1
2912;49;1;2;0;1;4
2913;49;1;3;0;0;4
2914;49;0;0;0;0;0
2915;49;2;0;2;1;5
2916;49;1;0;3;1;5
2917;49;1;0;2;0;3
2918;49;2;0;0;0;2
2919;49;1;1;3;0;5
2920;49;0;0;0;1;1
2921;49;1;1;0;0;2
2922;49;1;1;0;0;2
2923;49;1;1;1;1;4
2924;49;2;1;0;0;3
2925;49;1;2;0;1;4
2926;49;2;2;1;3;8
2927;49;0;1;2;3;6
2928;49;4;0;1;2;7
2929;49;2;1;1;1;5
2930;49;1;3;1;1;6
2931;49;1;0;4;1;6
2932;49;0;2;2;0;4
2933;49;0;0;2;3;5
2934;49;2;2;1;0;5
2935;49;2;2;1;3;8
2936;49;1;0;1;1;3
2937;49;0;0;0;3;3
2938;49;0;0;2;1;3
2939;49;0;0;1;2;3
2940;49;0;1;0;1;2
2941;49;2;0;1;2;5
2942;49;0;1;0;1;2
2943;49;0;2;0;0;2
2944;49;0;3;1;2;6
2945;49;1;0;0;2;3
2946;49;0;1;2;2;5
2947;49;4;2;1;3;10
2948;49;2;1;1;2;6
2949;49;1;0;1;0;2
2950;49;2;1;2;2;7
2951;49;0;4;1;2;7
2952;49;1;2;0;2;5
2953;49;0;3;2;4;9
2954;49;0;2;0;1;3
2955;49;1;0;1;0;2
2956;49;2;0;0;0;2
2957;49;0;2;2;4;8
2958;49;0;1;0;1;2
2959;49;2;1;0;0;3
2960;49;1;1;1;0;3
2961;49;1;1;1;2;5
2962;49;0;1;0;1;2
2963;49;0;1;2;3;6
2964;49;0;0;0;0;0
2965;49;1;1;0;1;3
2966;49;1;2;3;1;7
2967;49;0;1;1;1;3
2968;49;0;0;1;0;1
2969;49;2;1;0;3;6
2970;49;4;2;2;1;9
2971;49;0;2;2;1;5
2972;49;2;2;1;0;5
2973;49;0;2;2;1;5
2974;49;1;1;1;0;3
2975;49;1;1;3;4;9
2976;49;0;2;1;0;3
2977;49;0;1;0;1;2
2978;49;4;3;1;1;9
2979;49;1;5;3;4;13
2980;49;0;0;1;0;1
2981;49;1;1;1;0;3
2982;49;2;1;1;2;6
2983;49;2;1;0;1;4
2984;49;1;1;1;2;5
2985;49;1;0;1;2;4
2986;49;2;2;0;0;4
2987;49;0;0;1;0;1
2988;49;0;1;0;0;1
2989;49;1;0;2;3;6
2990;49;2;2;2;3;9
2991;49;2;0;2;0;4
2992;49;1;0;0;0;1
2993;49;0;0;2;1;3
2994;49;1;3;2;1;7
2995;49;1;1;1;0;3
2996;49;0;0;2;3;5
2997;49;0;3;2;1;6
2998;49;0;2;2;4;8
2999;49;1;1;0;0;2
3000;49;4;0;0;0;4
3001;49;0;3;1;3;7
3002;49;0;1;1;2;4
3003;49;0;1;1;0;2
3004;49;2;1;0;2;5
3005;49;0;2;0;0;2
3006;49;2;0;0;2;4
3007;49;1;0;1;1;3
3008;49;1;1;3;0;5
3009;49;4;1;0;0;5
3010;49;0;1;2;0;3
3011;49;0;0;3;1;4
3012;49;0;0;1;3;4
3013;49;0;2;1;1;4
3014;49;2;0;0;0;2
3015;49;0;2;2;0;4
3016;49;2;2;2;4;10
3017;49;0;4;2;2;8
3018;49;2;4;2;3;11
3019;49;3;1;1;2;7
3020;49;0;0;0;2;2
3021;49;2;3;1;1;7
3022;49;0;3;1;0;4
3023;49;0;2;1;1;4
3024;49;0;2;2;2;6
3025;49;2;1;0;1;4
3026;49;1;1;1;1;4
3027;49;1;2;0;2;5
3028;49;1;1;2;1;5
3029;49;0;3;2;0;5
3030;49;3;0;3;2;8
3031;49;2;1;2;2;7
3032;49;1;2;3;1;7
3033;49;0;2;2;1;5
3034;49;1;1;2;2;6
3035;49;1;2;2;1;6
3036;49;0;0;1;3;4
3037;49;2;0;0;0;2
3038;49;1;1;1;1;4
3039;49;0;0;2;4;6
3040;49;1;1;1;0;3
3041;49;2;1;2;1;6
3042;49;1;1;1;0;3
3043;49;0;1;3;2;6
3044;53;8;7;7;5;27
3045;53;2;5;7;4;18
3046;53;5;6;4;6;21
3047;53;3;5;8;2;18
3048;53;5;3;3;1;12
3049;53;3;3;2;3;11
3050;53;4;4;4;5;17
3051;53;1;1;3;2;7
3052;53;1;1;2;3;7
3053;53;2;0;1;1;4
3054;53;3;4;5;3;15
3055;53;1;3;3;3;10
3056;53;4;0;1;0;5
3057;53;2;2;1;1;6
3058;53;2;3;3;3;11
3059;53;2;1;1;0;4
3060;53;1;5;4;3;13
3061;53;0;4;2;1;7
3062;53;2;4;1;4;11
3063;53;2;5;2;2;11
3064;53;5;4;4;3;16
3065;53;3;3;1;2;9
3066;53;1;2;1;0;4
3067;53;2;2;2;3;9
3068;53;1;1;2;2;6
3069;53;2;4;2;1;9
3070;53;0;2;0;2;4
3071;53;1;1;0;0;2
3072;53;0;2;1;3;6
3073;53;3;3;1;3;10
3074;53;1;1;1;1;4
3075;53;3;4;3;1;11
3076;53;0;2;1;5;8
3077;53;0;1;2;2;5
3078;53;3;1;3;4;11
3079;53;0;2;0;1;3
3080;53;2;4;2;2;10
3081;53;3;3;1;5;12
3082;53;0;2;0;1;3
3083;53;4;1;2;2;9
3084;53;3;0;0;0;3
3085;53;0;4;2;3;9
3086;53;1;3;4;3;11
3087;53;2;1;2;1;6
3088;53;2;2;3;3;10
3089;53;1;1;1;3;6
3090;53;0;2;4;2;8
3091;53;1;3;1;3;8
3092;53;1;1;2;1;5
3093;53;3;2;1;1;7
3094;53;1;0;0;2;3
3095;53;0;0;1;2;3
3096;53;1;3;2;2;8
3097;53;1;0;0;1;2
3098;53;1;1;2;4;8
3099;53;1;0;2;1;4
3100;53;1;3;1;1;6
3101;53;1;2;3;4;10
3102;53;1;0;0;2;3
3103;53;0;2;1;2;5
3104;53;1;2;1;1;5
3105;53;1;1;4;2;8
3106;53;1;1;1;0;3
3107;53;0;0;0;2;2
3108;53;2;1;0;0;3
3109;53;3;2;1;1;7
3110;53;1;0;1;1;3
3111;53;1;1;0;2;4
3112;53;0;3;1;0;4
3113;53;2;1;0;1;4
3114;53;3;2;1;0;6
3115;53;2;0;1;0;3
3116;53;2;0;0;2;4
3117;53;0;3;0;0;3
3118;53;0;0;0;1;1
3119;53;1;2;0;0;3
3120;53;1;0;0;0;1
3121;53;0;2;0;0;2
3122;53;1;1;0;0;2
3123;53;1;1;1;0;3
3124;53;0;2;1;0;3
3125;53;0;0;0;1;1
3126;53;1;1;0;1;3
3127;53;0;2;2;2;6
3128;53;1;0;3;0;4
3129;53;0;2;1;2;5
3130;53;1;1;0;1;3
3131;53;0;2;1;1;4
3132;53;1;1;1;0;3
3133;53;0;2;2;1;5
3134;53;3;1;0;0;4
3135;53;1;1;2;1;5
3136;53;2;2;0;3;7
3137;53;1;1;0;1;3
3138;53;0;4;4;3;11
3139;53;1;2;2;0;5
3140;53;1;1;0;0;2
3141;53;1;3;0;4;8
3142;53;0;1;2;0;3
3143;53;0;0;2;1;3
3144;53;1;1;1;1;4
3145;53;0;0;1;1;2
3146;53;0;0;0;1;1
3147;53;1;2;1;0;4
3148;53;1;1;0;2;4
3149;53;1;1;1;1;4
3150;53;0;1;2;1;4
3151;53;0;2;2;0;4
3152;53;0;2;3;1;6
3153;53;3;2;1;0;6
3154;53;1;1;2;2;6
3155;53;0;1;1;3;5
3156;53;1;1;1;2;5
3157;53;0;0;2;1;3
3158;53;1;1;0;3;5
3159;53;1;2;3;4;10
3160;53;1;3;0;1;5
3161;53;1;1;2;3;7
3162;53;0;1;1;2;4
3163;53;0;0;1;0;1
3164;53;1;2;1;2;6
3165;53;1;1;0;0;2
3166;53;1;0;0;2;3
3167;53;1;1;1;0;3
3168;53;0;1;0;0;1
3169;53;0;0;0;1;1
3170;53;2;1;2;1;6
3171;53;2;1;1;1;5
3172;53;4;1;0;5;10
3173;53;2;2;2;5;11
3174;53;1;2;2;3;8
3175;53;1;1;1;0;3
3176;53;1;1;0;0;2
3177;53;2;2;2;0;6
3178;53;0;1;0;0;1
3179;53;1;2;2;2;7
3180;53;1;0;0;1;2
3181;53;0;0;1;0;1
3182;53;2;3;3;2;10
3183;53;0;2;3;4;9
3184;53;0;0;0;3;3
3185;53;1;0;1;3;5
3186;53;2;0;1;0;3
3187;53;2;0;1;1;4
3188;53;0;2;1;1;4
3189;53;1;2;2;3;8
3190;53;1;0;1;1;3
3191;53;1;1;0;1;3
3192;53;0;0;0;1;1
3193;53;0;1;2;1;4
3194;53;0;4;2;0;6
3195;53;1;1;2;2;6
3196;53;2;0;0;0;2
3197;53;0;1;1;1;3
3198;53;2;2;3;2;9
3199;53;0;1;1;2;4
3200;53;0;0;1;0;1
3201;53;0;0;1;0;1
3202;53;2;1;0;2;5
3203;53;1;2;0;1;4
3204;53;1;0;2;1;4
3205;53;0;2;1;2;5
3206;53;0;3;3;2;8
3207;53;0;0;0;1;1
3208;53;1;0;1;2;4
3209;53;2;4;1;2;9
3210;53;1;2;0;0;3
3211;53;1;2;2;0;5
3212;53;0;2;1;2;5
3213;53;0;2;1;3;6
3214;53;0;0;1;1;2
3215;53;1;1;1;1;4
3216;53;2;1;2;2;7
3217;53;0;3;1;1;5
3218;53;2;1;1;1;5
3219;53;2;5;1;2;10
3220;53;1;1;1;2;5
3221;53;0;1;1;2;4
3222;53;1;0;2;0;3
3223;53;3;3;1;5;12
3224;53;1;1;0;1;3
3225;53;0;1;2;2;5
3226;53;2;1;0;1;4
3227;53;1;1;1;0;3
3228;53;1;0;0;1;2
3229;53;0;1;1;0;2
3230;53;3;1;0;1;5
3231;53;0;2;1;2;5
3232;53;0;2;0;1;3
3233;53;1;1;0;0;2
3234;53;1;1;0;1;3
3235;53;1;2;0;1;4
3236;53;5;2;2;4;13
3237;53;4;2;0;3;9
3238;53;2;2;1;2;7
3239;53;0;1;0;0;1
3240;53;0;2;1;3;6
3241;53;0;1;1;2;4
3242;53;0;1;0;0;1
3243;53;0;1;2;1;4
3244;57;6;6;7;10;29
3245;57;6;7;5;3;21
3246;57;5;4;5;4;18
3247;57;5;7;7;6;25
3248;57;2;2;1;7;12
3249;57;3;8;7;4;22
3250;57;3;4;5;5;17
3251;57;2;9;9;8;28
3252;57;2;7;2;4;15
3253;57;3;1;1;5;10
3254;57;3;7;4;7;21
3255;57;3;5;0;1;9
3256;57;4;2;2;0;8
3257;57;1;3;3;7;14
3258;57;4;5;4;2;15
3259;57;3;2;1;5;11
3260;57;2;2;2;3;9
3261;57;1;4;2;2;9
3262;57;3;3;3;3;12
3263;57;3;4;2;1;10
3264;57;0;2;1;4;7
3265;57;1;0;1;2;4
3266;57;3;2;2;3;10
3267;57;2;3;2;5;12
3268;57;0;5;4;6;15
3269;57;2;1;2;1;6
3270;57;3;3;0;2;8
3271;57;1;1;6;4;12
3272;57;3;4;3;1;11
3273;57;2;1;2;2;7
3274;57;2;1;1;0;4
3275;57;2;1;1;5;9
3276;57;0;1;2;0;3
3277;57;1;4;3;2;10
3278;57;1;1;1;0;3
3279;57;5;1;0;2;8
3280;57;2;3;2;2;9
3281;57;1;0;2;3;6
3282;57;1;3;0;2;6
3283;57;2;3;1;1;7
3284;57;1;2;0;0;3
3285;57;2;3;0;0;5
3286;57;2;2;2;2;8
3287;57;3;2;3;1;9
3288;57;1;2;3;4;10
3289;57;3;5;3;2;13
3290;57;3;1;2;1;7
3291;57;3;1;0;1;5
3292;57;0;1;5;2;8
3293;57;3;5;1;2;11
3294;57;1;0;0;0;1
3295;57;0;2;1;2;5
3296;57;1;1;1;1;4
3297;57;2;1;2;1;6
3298;57;0;1;2;3;6
3299;57;1;0;0;0;1
3300;57;0;1;1;0;2
3301;57;0;1;1;1;3
3302;57;3;0;1;3;7
3303;57;1;2;3;1;7
3304;57;1;0;1;0;2
3305;57;1;0;0;0;1
3306;57;1;0;2;0;3
3307;57;4;4;2;4;14
3308;57;1;3;0;0;4
3309;57;1;0;2;1;4
3310;57;1;3;1;3;8
3311;57;1;2;3;0;6
3312;57;0;2;0;5;7
3313;57;2;3;0;3;8
3314;57;1;0;1;0;2
3315;57;1;1;1;1;4
3316;57;0;0;1;1;2
3317;57;2;1;1;4;8
3318;57;1;1;2;1;5
3319;57;2;4;0;0;6
3320;57;0;0;1;1;2
3321;57;1;2;0;4;7
3322;57;1;2;1;2;6
3323;57;3;3;2;4;12
3324;57;2;2;0;2;6
3325;57;0;2;2;1;5
3326;57;0;1;0;2;3
3327;57;0;2;0;1;3
3328;57;0;0;1;0;1
3329;57;3;2;2;1;8
3330;57;0;4;1;2;7
3331;57;1;0;0;2;3
3332;57;1;0;0;1;2
3333;57;0;0;1;2;3
3334;57;0;2;0;2;4
3335;57;0;2;1;1;4
3336;57;2;1;1;1;5
3337;57;4;2;1;1;8
3338;57;0;1;1;3;5
3339;57;1;2;3;2;8
3340;57;2;1;0;3;6
3341;57;0;0;1;1;2
3342;57;2;3;2;1;8
3343;57;0;1;1;1;3
3344;57;2;2;1;1;6
3345;57;4;1;1;2;8
3346;57;2;0;0;2;4
3347;57;2;2;1;2;7
3348;57;4;1;2;2;9
3349;57;3;1;1;1;6
3350;57;0;0;2;0;2
3351;57;0;0;0;0;0
3352;57;2;1;2;2;7
3353;57;3;3;1;1;8
3354;57;0;2;0;0;2
3355;57;2;2;3;1;8
3356;57;2;1;3;3;9
3357;57;0;0;0;0;0
3358;57;1;0;0;2;3
3359;57;3;2;2;5;12
3360;57;1;0;1;0;2
3361;57;1;1;0;0;2
3362;57;1;1;1;1;4
3363;57;2;0;0;2;4
3364;57;2;2;4;0;8
3365;57;1;1;2;2;6
3366;57;0;1;1;3;5
3367;57;1;0;2;1;4
3368;57;0;1;1;0;2
3369;57;1;1;1;1;4
3370;57;0;0;0;0;0
3371;57;2;1;1;0;4
3372;57;1;0;2;1;4
3373;57;2;3;1;4;10
3374;57;0;2;0;0;2
3375;57;0;3;3;3;9
3376;57;0;1;4;0;5
3377;57;2;2;1;3;8
3378;57;0;0;4;1;5
3379;57;2;1;1;1;5
3380;57;3;0;0;0;3
3381;57;1;1;1;0;3
3382;57;1;0;0;1;2
3383;57;2;2;1;1;6
3384;57;0;0;0;0;0
3385;57;0;0;2;1;3
3386;57;0;0;0;0;0
3387;57;1;0;0;1;2
3388;57;0;1;0;1;2
3389;57;0;1;1;0;2
3390;57;1;1;1;1;4
3391;57;4;2;4;3;13
3392;57;0;2;0;0;2
3393;57;0;0;0;1;1
3394;57;3;0;0;0;3
3395;57;0;2;4;0;6
3396;57;0;1;0;1;2
3397;57;0;0;1;3;4
3398;57;0;1;0;1;2
3399;57;1;3;5;2;11
3400;57;1;0;0;2;3
3401;57;1;0;0;0;1
3402;57;3;1;0;1;5
3403;57;1;1;0;0;2
3404;57;1;1;1;0;3
3405;57;0;0;1;1;2
3406;57;1;1;0;2;4
3407;57;1;1;2;1;5
3408;57;1;1;1;0;3
3409;57;0;2;0;2;4
3410;57;3;0;0;0;3
3411;57;1;3;0;0;4
3412;57;1;1;2;0;4
3413;57;0;1;2;2;5
3414;57;3;1;2;1;7
3415;57;0;0;1;3;4
3416;57;2;2;2;2;8
3417;57;1;1;3;2;7
3418;57;2;2;1;1;6
3419;57;2;1;1;0;4
3420;57;1;0;1;0;2
3421;57;3;2;0;0;5
3422;57;1;1;1;0;3
3423;57;1;2;2;1;6
3424;57;1;1;0;2;4
3425;57;0;2;1;3;6
3426;57;0;0;1;1;2
3427;57;1;1;0;0;2
3428;57;2;0;0;1;3
3429;57;1;1;0;0;2
3430;57;0;1;2;2;5
3431;57;0;1;2;0;3
3432;57;1;1;2;2;6
3433;57;0;0;2;1;3
3434;57;2;0;1;1;4
3435;57;1;1;1;1;4
3436;57;0;2;2;1;5
3437;57;3;1;1;1;6
3438;57;1;0;3;1;5
3439;57;2;1;0;1;4
3440;57;0;1;1;1;3
3441;57;0;3;2;2;7
3442;57;1;0;1;0;2
3443;57;0;1;0;0;1
3444;57;1;2;1;0;4
3445;57;1;3;1;2;7
3446;57;3;3;2;2;10
3447;57;2;2;1;1;6
3448;57;1;1;0;0;2
3449;57;2;1;2;2;7
3450;57;0;2;1;1;4
3451;57;1;1;3;1;6
3452;57;1;1;1;0;3
3453;57;1;2;0;2;5
3454;57;2;1;0;0;3
3455;57;0;2;0;1;3
3456;57;0;0;0;2;2
3457;57;0;1;4;2;7
3458;57;3;0;1;0;4
3459;57;0;0;0;2;2
3460;57;0;2;0;0;2
3461;57;1;1;1;1;4
3462;57;1;0;0;0;1
3463;57;0;1;0;1;2
3464;57;2;1;2;3;8
3465;57;3;1;3;2;9
3466;57;2;0;1;0;3
3467;57;2;2;1;2;7
3468;57;1;1;2;1;5
3469;57;0;1;0;2;3
3470;61;11;11;12;9;43
3471;61;55;56;77;87;275
3472;61;48;62;57;55;222
3473;61;41;57;64;49;211
3474;61;55;60;46;64;225
3475;61;36;61;52;40;189
3476;61;33;57;55;49;194
3477;61;50;46;37;57;190
3478;61;27;48;49;37;161
3479;61;38;37;47;43;165
3480;61;37;57;49;29;172
3481;61;30;35;29;44;138
3482;61;34;49;39;36;158
3483;61;27;50;30;43;150
3484;61;31;47;34;24;136
3485;61;31;36;32;24;123
3486;61;33;24;37;17;111
3487;61;27;35;32;26;120
3488;61;32;23;35;23;113
3489;61;20;22;25;29;96
3490;61;27;20;24;35;106
3491;61;17;23;23;34;97
3492;61;19;23;13;22;77
3493;61;16;25;26;24;91
3494;61;18;24;15;18;75
3495;61;14;16;24;29;83
3496;61;19;17;23;15;74
3497;61;22;22;21;22;87
3498;61;15;16;13;19;63
3499;61;12;17;14;23;66
3500;61;15;24;22;16;77
3501;61;13;12;15;9;49
3502;61;9;17;19;19;64
3503;61;13;16;16;8;53
3504;61;11;11;17;21;60
3505;61;11;9;10;6;36
3506;61;13;12;12;19;56
3507;61;5;13;9;8;35
3508;61;11;13;12;13;49
3509;61;10;10;9;9;38
3510;61;9;16;13;11;49
3511;61;13;9;5;11;38
3512;61;10;10;9;10;39
3513;61;9;2;11;11;33
3514;61;7;8;8;11;34
3515;61;6;18;4;9;37
3516;61;7;9;8;6;30
3517;61;6;11;8;14;39
3518;61;3;4;8;12;27
3519;61;5;8;6;6;25
3520;61;7;5;6;9;27
3521;61;2;7;7;11;27
3522;61;4;10;5;8;27
3523;61;5;7;4;10;26
3524;61;4;4;5;4;17
3525;61;5;2;5;3;15
3526;61;7;7;6;10;30
3527;61;8;7;7;8;30
3528;61;2;4;4;3;13
3529;61;7;2;7;9;25
3530;61;4;6;4;5;19
3531;61;6;8;6;5;25
3532;61;4;9;5;5;23
3533;61;1;6;2;6;15
3534;61;1;6;5;2;14
3535;61;9;4;0;3;16
3536;61;6;8;6;4;24
3537;61;4;6;3;4;17
3538;61;3;4;5;3;15
3539;61;2;2;3;3;10
3540;61;2;1;2;4;9
3541;61;2;6;2;4;14
3542;61;3;3;2;3;11
3543;61;1;4;4;2;11
3544;61;0;3;2;2;7
3545;61;4;2;1;1;8
3546;61;2;0;4;2;8
3547;61;3;3;6;4;16
3548;61;3;2;3;2;10
3549;61;2;0;1;5;8
3550;61;3;3;1;5;12
3551;61;2;1;2;4;9
3552;61;0;3;1;2;6
3553;61;1;5;2;1;9
3554;61;3;4;4;0;11
3555;61;2;3;1;3;9
3556;61;1;1;4;1;7
3557;61;3;2;1;3;9
3558;61;6;3;1;2;12
3559;61;3;2;3;2;10
3560;61;2;4;0;4;10
3561;61;3;2;1;1;7
3562;61;3;1;4;4;12
3563;61;1;3;1;3;8
3564;61;0;1;3;4;8
3565;61;0;3;0;1;4
3566;61;1;1;3;4;9
3567;61;1;1;0;1;3
3568;61;0;2;3;3;8
3569;61;2;0;1;1;4
3570;61;1;1;1;2;5
3571;61;1;1;1;1;4
3572;61;3;0;0;2;5
3573;61;1;1;0;1;3
3574;61;1;2;1;1;5
3575;61;2;0;1;1;4
3576;61;2;1;0;2;5
3577;61;0;4;3;3;10
3578;61;0;1;2;1;4
3579;61;0;2;1;2;5
3580;61;2;4;1;2;9
3581;61;1;3;3;3;10
3582;61;2;2;0;2;6
3583;61;1;0;2;1;4
3584;61;0;5;2;4;11
3585;61;4;1;0;1;6
3586;61;1;2;1;2;6
3587;61;3;2;1;1;7
3588;61;2;3;3;2;10
3589;61;1;0;1;2;4
3590;61;1;1;0;1;3
3591;61;3;0;2;1;6
3592;61;1;2;1;2;6
3593;61;2;2;1;2;7
3594;61;2;2;2;1;7
3595;61;0;1;0;3;4
3596;61;2;2;3;3;10
3597;61;0;0;3;0;3
3598;61;1;1;2;1;5
3599;61;2;1;4;3;10
3600;61;1;0;1;0;2
3601;61;2;2;1;0;5
3602;61;5;3;2;2;12
3603;61;0;0;1;1;2
3604;61;1;3;1;2;7
3605;61;1;2;1;0;4
3606;61;0;2;1;1;4
3607;61;2;0;2;0;4
3608;61;0;2;2;1;5
3609;61;1;0;3;1;5
3610;61;2;2;2;5;11
3611;61;3;1;1;3;8
3612;61;1;0;1;1;3
3613;61;3;3;3;2;11
3614;61;2;5;1;2;10
3615;61;1;1;3;1;6
3616;61;2;3;2;2;9
3617;61;2;3;2;0;7
3618;61;0;2;4;2;8
3619;61;1;0;1;0;2
3620;61;0;0;0;1;1
3621;61;0;4;2;2;8
3622;61;2;0;1;0;3
3623;61;0;1;1;0;2
3624;61;0;1;0;0;1
3625;61;1;2;0;1;4
3626;61;4;1;3;2;10
3627;61;4;2;1;0;7
3628;61;1;2;2;2;7
3629;61;0;2;3;2;7
3630;61;1;1;1;2;5
3631;61;2;2;1;3;8
3632;61;2;0;1;1;4
3633;61;2;1;2;1;6
3634;61;0;0;1;1;2
3635;61;1;1;0;2;4
3636;61;1;2;0;2;5
3637;61;1;1;1;1;4
3638;61;1;2;1;5;9
3639;61;3;0;3;1;7
3640;61;0;2;1;3;6
3641;61;1;0;0;1;2
3642;61;0;2;0;0;2
3643;61;1;0;0;1;2
3644;61;0;1;0;3;4
3645;61;2;1;1;1;5
3646;61;2;1;0;1;4
3647;61;0;3;1;0;4
3648;61;0;2;2;1;5
3649;61;1;2;3;6;12
3650;61;1;0;2;1;4
3651;61;1;1;0;0;2
3652;61;2;1;1;2;6
3653;61;0;1;0;1;2
3654;61;1;0;2;0;3
3655;61;2;1;0;5;8
3656;61;1;0;1;2;4
3657;61;1;1;1;0;3
3658;61;1;0;2;0;3
3659;61;0;1;2;1;4
3660;61;0;0;1;0;1
3661;61;2;2;3;2;9
3662;61;0;3;0;2;5
3663;61;4;1;0;1;6
3664;61;1;4;1;3;9
3665;61;1;0;0;3;4
3666;61;1;1;2;4;8
3667;61;5;0;4;1;10
3668;61;0;0;1;0;1
3669;61;2;1;0;3;6
3670;61;0;0;1;0;1
3671;61;1;0;0;0;1
3672;61;3;0;1;1;5
3673;61;0;5;1;4;10
3674;61;0;3;1;2;6
3675;61;3;2;1;2;8
3676;61;0;1;0;1;2
3677;61;0;1;2;3;6
3678;61;2;2;4;5;13
3679;61;0;2;1;2;5
3680;61;1;2;2;0;5
3681;61;2;1;1;1;5
3682;61;3;4;0;1;8
3683;61;0;1;3;2;6
3684;61;0;0;1;2;3
3685;61;0;1;1;0;2
3686;61;1;3;2;2;8
3687;61;2;2;1;0;5
3688;61;3;1;1;0;5
3689;61;1;0;0;2;3
3690;61;1;0;3;1;5
3691;61;1;3;0;3;7
3692;61;2;1;0;3;6
3693;61;2;1;0;2;5
3694;61;2;4;1;2;9
3695;61;2;4;2;1;9
3696;65;7;9;10;4;30
3697;65;5;3;3;7;18
3698;65;4;7;7;6;24
3699;65;5;10;8;6;29
3700;65;6;4;8;6;24
3701;65;2;3;4;7;16
3702;65;6;7;7;9;29
3703;65;4;8;5;5;22
3704;65;4;5;1;1;11
3705;65;4;7;6;9;26
3706;65;4;7;4;10;25
3707;65;6;2;6;9;23
3708;65;3;4;3;4;14
3709;65;3;2;2;7;14
3710;65;2;4;3;5;14
3711;65;4;5;0;4;13
3712;65;3;2;5;5;15
3713;65;4;4;4;2;14
3714;65;0;5;3;4;12
3715;65;3;2;3;9;17
3716;65;0;3;2;7;12
3717;65;4;3;0;4;11
3718;65;7;2;5;4;18
3719;65;3;3;4;3;13
3720;65;7;3;5;4;19
3721;65;2;4;5;5;16
3722;65;7;4;2;6;19
3723;65;1;5;4;7;17
3724;65;0;1;5;5;11
3725;65;2;3;6;7;18
3726;65;3;0;2;2;7
3727;65;2;6;3;1;12
3728;65;2;6;3;3;14
3729;65;2;2;3;1;8
3730;65;1;5;0;5;11
3731;65;0;0;6;1;7
3732;65;1;2;4;2;9
3733;65;1;4;1;2;8
3734;65;1;2;0;4;7
3735;65;1;2;3;2;8
3736;65;2;1;3;0;6
3737;65;1;0;0;3;4
3738;65;2;1;2;1;6
3739;65;1;2;3;2;8
3740;65;0;1;3;0;4
3741;65;2;4;3;5;14
3742;65;3;2;3;3;11
3743;65;1;3;3;2;9
3744;65;0;4;2;2;8
3745;65;0;1;4;1;6
3746;65;3;4;0;2;9
3747;65;1;2;1;1;5
3748;65;3;2;3;2;10
3749;65;0;1;4;3;8
3750;65;2;3;3;1;9
3751;65;1;0;1;3;5
3752;65;0;2;2;3;7
3753;65;4;2;1;1;8
3754;65;3;2;0;2;7
3755;65;1;2;1;1;5
3756;65;2;1;1;1;5
3757;65;1;4;2;3;10
3758;65;1;1;1;1;4
3759;65;1;1;2;1;5
3760;65;2;0;2;1;5
3761;65;2;2;3;1;8
3762;65;0;1;5;1;7
3763;65;1;2;1;1;5
3764;65;3;4;2;2;11
3765;65;1;0;0;0;1
3766;65;0;4;0;1;5
3767;65;1;1;3;2;7
3768;65;0;2;1;1;4
3769;65;1;1;0;2;4
3770;65;0;0;1;0;1
3771;65;4;1;3;1;9
3772;65;1;4;1;3;9
3773;65;1;2;0;3;6
3774;65;0;1;0;0;1
3775;65;1;2;3;3;9
3776;65;2;0;3;1;6
3777;65;0;3;0;2;5
3778;65;1;4;1;2;8
3779;65;0;3;2;3;8
3780;65;1;2;2;2;7
3781;65;2;1;0;1;4
3782;65;1;2;1;2;6
3783;65;1;1;0;1;3
3784;65;4;1;0;1;6
3785;65;1;0;0;1;2
3786;65;0;0;1;4;5
3787;65;1;1;2;1;5
3788;65;0;0;1;2;3
3789;65;0;1;0;1;2
3790;65;3;0;0;0;3
3791;65;1;0;1;0;2
3792;65;0;0;0;1;1
3793;65;0;1;1;1;3
3794;65;0;0;0;0;0
3795;65;0;3;1;2;6
3796;65;1;4;2;0;7
3797;65;1;0;1;0;2
3798;65;2;0;2;1;5
3799;65;1;4;2;2;9
3800;65;1;0;1;3;5
3801;65;1;2;2;1;6
3802;65;2;3;3;1;9
3803;65;1;0;1;1;3
3804;65;1;0;1;0;2
3805;65;1;0;0;0;1
3806;65;4;1;1;1;7
3807;65;1;1;1;1;4
3808;65;2;3;1;1;7
3809;65;3;2;4;1;10
3810;65;1;2;0;0;3
3811;65;2;0;0;0;2
3812;65;1;1;0;2;4
3813;65;0;0;0;2;2
3814;65;1;0;0;2;3
3815;65;1;2;1;3;7
3816;65;0;0;0;1;1
3817;65;0;1;1;1;3
3818;65;1;2;2;3;8
3819;65;1;2;3;2;8
3820;65;0;2;0;1;3
3821;65;0;2;2;2;6
3822;65;1;1;0;1;3
3823;65;2;1;1;1;5
3824;65;1;2;1;0;4
3825;65;1;1;1;0;3
3826;65;1;4;1;0;6
3827;65;0;0;0;1;1
3828;65;0;1;1;2;4
3829;65;3;0;0;2;5
3830;65;3;3;3;1;10
3831;65;2;2;0;0;4
3832;65;1;0;0;1;2
3833;65;0;3;1;2;6
3834;65;3;1;0;1;5
3835;65;1;0;2;2;5
3836;65;1;0;1;1;3
3837;65;2;0;1;1;4
3838;65;3;1;0;3;7
3839;65;1;2;1;0;4
3840;65;0;2;1;1;4
3841;65;0;0;2;0;2
3842;65;1;0;0;1;2
3843;65;1;0;1;1;3
3844;65;1;4;3;2;10
3845;65;1;0;2;0;3
3846;65;2;2;0;0;4
3847;65;0;0;1;2;3
3848;65;3;1;0;1;5
3849;65;0;0;2;2;4
3850;65;1;1;0;1;3
3851;65;0;1;2;1;4
3852;65;1;0;1;1;3
3853;65;3;2;1;0;6
3854;65;3;2;0;1;6
3855;65;1;1;1;1;4
3856;65;3;0;0;3;6
3857;65;2;2;1;0;5
3858;65;0;1;1;3;5
3859;65;0;0;1;0;1
3860;65;0;0;1;1;2
3861;65;2;0;3;0;5
3862;65;0;3;6;2;11
3863;65;0;2;0;1;3
3864;65;1;3;0;0;4
3865;65;1;2;0;1;4
3866;65;1;3;1;1;6
3867;65;1;1;1;2;5
3868;65;1;0;0;1;2
3869;65;0;1;0;1;2
3870;65;2;3;0;1;6
3871;65;1;0;1;2;4
3872;65;0;1;1;2;4
3873;65;0;0;1;1;2
3874;65;1;1;0;1;3
3875;65;2;1;1;1;5
3876;65;2;1;1;0;4
3877;65;1;1;3;2;7
3878;65;2;0;1;2;5
3879;65;2;1;1;1;5
3880;65;2;3;0;0;5
3881;65;0;2;2;0;4
3882;65;2;0;0;2;4
3883;65;0;2;2;0;4
3884;65;0;2;1;2;5
3885;65;1;2;0;1;4
3886;65;0;2;2;1;5
3887;65;3;3;4;4;14
3888;65;1;0;1;1;3
3889;65;3;5;3;4;15
3890;65;1;0;2;0;3
3891;65;0;5;3;2;10
3892;65;1;3;0;0;4
3893;65;0;1;0;2;3
3894;65;0;0;1;2;3
3895;65;1;1;2;2;6
3896;65;4;1;0;1;6
3897;65;0;1;2;4;7
3898;65;2;1;1;3;7
3899;65;0;1;0;2;3
3900;65;1;0;1;0;2
3901;65;1;0;0;3;4
3902;65;2;4;1;0;7
3903;65;0;0;0;1;1
3904;65;0;3;2;0;5
3905;65;2;2;0;1;5
3906;65;0;1;2;2;5
3907;65;1;2;1;0;4
3908;65;0;0;0;1;1
3909;65;0;0;1;1;2
3910;65;0;4;2;2;8
3911;65;2;2;2;1;7
3912;65;2;0;0;2;4
3913;65;0;1;0;0;1
3914;65;1;1;0;0;2
3915;65;2;2;1;3;8
3916;65;2;1;1;2;6
3917;65;2;1;0;1;4
3918;65;1;5;1;2;9
3919;65;0;0;0;0;0
3920;65;1;1;1;0;3
3921;65;1;0;2;0;3
3922;65;1;2;2;3;8
3923;65;2;0;6;1;9
3924;65;1;0;1;2;4
3925;65;0;2;0;1;3
3926;65;2;0;1;1;4
3927;65;1;0;0;1;2
3928;65;1;3;0;0;4
3929;65;0;0;1;1;2
3930;65;1;2;1;2;6
3931;65;2;3;1;2;8
3932;65;1;0;0;0;1
3933;65;2;0;0;1;3
3934;65;0;2;2;0;4
3935;65;1;1;0;0;2
3936;65;2;3;1;3;9
3937;65;0;2;1;2;5
3938;65;2;3;2;0;7
3939;65;1;1;1;1;4
3940;65;2;2;3;3;10
3941;65;2;5;0;1;8
3942;65;2;4;1;2;9
3943;65;1;0;0;0;1
3944;65;0;2;2;2;6
3945;65;0;1;0;0;1
3946;65;0;1;1;0;2
3947;65;0;0;0;2;2
3948;65;0;0;0;1;1
3949;65;2;1;0;5;8
3950;65;0;1;1;1;3
3951;65;1;1;1;1;4
3952;65;1;1;1;0;3
3953;65;1;0;2;2;5
3954;65;0;3;1;3;7
3955;65;1;0;1;0;2
3956;65;0;1;5;4;10
3957;65;1;1;0;2;4
3958;65;1;0;0;0;1
3959;65;2;2;3;1;8
3960;65;1;1;2;2;6
3961;65;0;1;0;1;2
3962;65;1;0;0;0;1
3963;65;1;0;0;3;4
3964;65;1;1;0;2;4
3965;65;0;1;2;1;4
3966;65;1;1;4;1;7
3967;65;2;3;2;2;9
3968;65;0;0;1;2;3
3969;65;1;1;1;2;5
3970;65;1;0;1;0;2
